{"a_0": [0.02457251075577051, 0.09933333333333334], "senior_1": [0.0156852978781698, 0.27133333333333337], "executive_2": [0.01789509149070172, 0.11066666666666668], "is_3": [0.01813529436392896, 0.3775], "accused_4": [0.014417657859373717, 0.24733333333333332], "of_5": [0.014640589798909582, 0.307], "insider_6": [0.02897327239791934, 0.034], "trading_7": [0.023510822419243304, 0.08066666666666666], ",_8": [0.013754883380070087, 0.41933333333333334], ",_24": [0.013567787835042505, 0.19466666666666665], "allegedly_9": [0.02836551500852137, 0.026], "using_10": [0.017496882688255517, 0.1835], "confidential_11": [0.009473198276468732, 0.534], "information_12": [0.008530074992017933, 0.5219999999999999], "to_13": [0.008581183019274751, 0.487], "gain_14": [0.007753477475497715, 0.634], "substantial_15": [0.01284902981477543, 0.3406666666666667], "financial_16": [0.007298291873703139, 0.654], "benefits_17": [0.008420312236689266, 0.5906666666666667], "._18": [0.013272207285592426, 0.2926666666666667], "._35": [0.010345780457162952, 0.438], "the_19": [0.013421909299681602, 0.326], "defendant_20": [0.01267703102471292, 0.27066666666666667], "maintains_21": [0.010932576018972698, 0.3846666666666667], "his_22": [0.014663346832293929, 0.4073333333333333], "innocence_23": [0.006204953353418999, 0.7366666666666667], "claiming_25": [0.013735547234787926, 0.21266666666666667], "that_26": [0.011800342671547776, 0.37199999999999994], "all_27": [0.01123480921539678, 0.35800000000000004], "investment_28": [0.016250578880014868, 0.13799999999999998], "decisions_29": [0.010551339667870183, 0.38800000000000007], "were_30": [0.006661361292388081, 0.7013333333333334], "based_31": [0.012375712919098655, 0.241], "on_32": [0.010574128342767119, 0.47100000000000003], "public_33": [0.007455439836037608, 0.6073333333333334], "data_34": [0.008260055083333807, 0.528]}