{"a_0": [0.015991230465796296, 0.09133333333333334], "senior_1": [0.017055749581545803, 0.07066666666666667], "executive_2": [0.025086056724975506, 0.002], "is_3": [0.014022614730143095, 0.1245], "accused_4": [0.013081489671924821, 0.21866666666666668], "of_5": [0.008477177227885912, 0.7170000000000001], "insider_6": [0.012326138196870085, 0.20666666666666667], "trading_7": [0.01587357551358075, 0.3053333333333333], ",_8": [0.012823322686920137, 0.25666666666666665], ",_24": [0.009280486188691402, 0.578], "allegedly_9": [0.009128872568676887, 0.5626666666666666], "using_10": [0.012402192255637861, 0.3015], "confidential_11": [0.009466441507967464, 0.608], "information_12": [0.01178258090216612, 0.33266666666666667], "to_13": [0.013420344907249459, 0.264], "gain_14": [0.010599180906644903, 0.4119999999999999], "substantial_15": [0.009503938671070416, 0.6699999999999999], "financial_16": [0.009326276288750835, 0.7133333333333334], "benefits_17": [0.01065597510401717, 0.5546666666666668], "._18": [0.017259469394341476, 0.23666666666666666], "._35": [0.01988241490658622, 0.13], "the_19": [0.014631313679976693, 0.17266666666666666], "defendant_20": [0.009582390075156445, 0.5499999999999999], "maintains_21": [0.011687124755511633, 0.36933333333333335], "his_22": [0.013873123798112749, 0.3046666666666667], "innocence_23": [0.014470299475871772, 0.3473333333333333], "claiming_25": [0.0122125091516219, 0.36733333333333335], "that_26": [0.012495291720564225, 0.23466666666666666], "all_27": [0.04490853560022474, 0.03933333333333333], "investment_28": [0.012225591745829066, 0.26733333333333337], "decisions_29": [0.011724152534221785, 0.3646666666666667], "were_30": [0.010920849950820863, 0.41733333333333333], "based_31": [0.011387027207910076, 0.387], "on_32": [0.011496377237215243, 0.57], "public_33": [0.011299566395125346, 0.47933333333333333], "data_34": [0.01310562514148967, 0.24333333333333332]}