{"Company_0": [4.791096446390678, 0.39599999999999996], "Company_3": [4.167095956290949, 0.5133333333333333], "Company_17": [4.212456802317455, 0.572], "Company_58": [4.010119823665028, 0.5753333333333334], "A_1": [4.27595061826403, 0.5193333333333333], "pays_2": [5.975235046627521, 0.13466666666666668], "B_4": [4.086096665819696, 0.638], "B_18": [4.384030823839005, 0.4593333333333333], "B_59": [4.044579183116361, 0.5146666666666667], "$10_5": [4.199634445532191, 0.5673333333333334], "million_6": [4.829822369095786, 0.3833333333333333], "for_7": [4.573757220662418, 0.414], "a_8": [3.587170726274414, 0.766], "a_22": [4.241767318747086, 0.6886666666666666], "revolutionary_9": [4.679325874346108, 0.4106666666666667], "AI_10": [6.365276063960991, 0.138], "software_11": [5.205332299433376, 0.3], "within_12": [4.102172242564418, 0.5373333333333333], "12_13": [4.180785875113041, 0.49066666666666664], "months_14": [4.474300079555623, 0.2733333333333333], "months_43": [4.327399911997543, 0.6733333333333333], "._15": [4.125071310496663, 0.6633333333333334], "._47": [3.871465925110202, 0.614], "._70": [4.826587721415147, 0.38999999999999996], "._87": [4.325591584776794, 0.59], "If_16": [4.0981538795706625, 0.7686666666666667], "fails_19": [4.132303787052461, 0.44799999999999995], "to_20": [4.699098970689285, 0.5866666666666668], "to_55": [3.709912130400691, 0.7553333333333333], "deliver_21": [4.10779830127109, 0.6006666666666667], "fully_23": [4.079807244431675, 0.6453333333333334], "functional_24": [4.027223644299931, 0.648], "product_25": [3.9008939581584237, 0.6006666666666666], "by_26": [4.508250171561426, 0.4293333333333333], "by_75": [4.013275194583566, 0.5853333333333334], "the_27": [3.8745953609394683, 0.7533333333333333], "the_36": [3.9194042959577806, 0.7520000000000001], "the_51": [4.346617172162234, 0.6386666666666666], "deadline_28": [4.002478672245489, 0.7759999999999999], ",_29": [4.20861707579832, 0.566], ",_49": [3.862999864197431, 0.7786666666666667], ",_64": [4.099619525623969, 0.8026666666666666], "they_30": [3.729644114932339, 0.7799999999999999], "must_31": [4.137276736604403, 0.6206666666666667], "refund_32": [4.917276081888976, 0.4120000000000001], "50_33": [4.383392865539158, 0.476], "%_34": [4.253941465803134, 0.5133333333333333], "of_35": [4.335027132331637, 0.3353333333333333], "of_44": [4.483937480982785, 0.6373333333333333], "payment_37": [4.6785768937078975, 0.40399999999999997], "and_38": [4.3064893833627185, 0.5346666666666666], "and_78": [3.999888389592653, 0.7073333333333333], "provide_39": [3.896595326168161, 0.6593333333333333], "an_40": [4.427207950713115, 0.5339999999999999], "additional_41": [3.983574908608277, 0.6706666666666666], "3_42": [4.3106923558732255, 0.5786666666666667], "development_45": [4.750856518344361, 0.4526666666666667], "free_46": [4.433702798729738, 0.5093333333333333], "However_48": [3.7900123764891718, 0.7399999999999999], "if_50": [4.347955757719596, 0.5686666666666667], "delay_52": [4.578147073746546, 0.414], "is_53": [4.427662444853745, 0.5499999999999999], "is_73": [3.8678858408410526, 0.6686666666666667], "due_54": [4.002981475033004, 0.7639999999999999], "circumstances_56": [3.656230794400345, 0.9513333333333334], "beyond_57": [4.506420619382904, 0.5533333333333333], "\u2019_60": [4.379466083352715, 0.4093333333333333], "s_61": [3.979527233473432, 0.6313333333333334], "reasonable_62": [4.5264591289778116, 0.34], "control_63": [4.107261612407573, 0.536], "these_65": [3.9039786148641213, 0.624], "penalties_66": [4.231576450714369, 0.6546666666666666], "shall_67": [3.9992613124963245, 0.64], "shall_81": [4.604417113349484, 0.64], "not_68": [3.977486615647994, 0.6900000000000001], "apply_69": [3.9712077731235325, 0.7006666666666667], "This_71": [3.846513898257921, 0.7686666666666667], "agreement_72": [4.244653818046361, 0.47333333333333333], "governed_74": [4.361802784411169, 0.6006666666666667], "California_76": [5.071504108232316, 0.294], "law_77": [4.347234215098328, 0.602], "any_79": [3.817955942271754, 0.7966666666666667], "disputes_80": [4.100068408559889, 0.618], "be_82": [3.9785094063649726, 0.63], "resolved_83": [4.279015059826837, 0.5086666666666666], "through_84": [3.761644875510758, 0.9846666666666666], "binding_85": [4.856457139711492, 0.4026666666666667], "arbitration_86": [4.217050318029417, 0.454]}