{"Company_0": [6.365348911478627, 0.17733333333333334], "Company_3": [6.359200956459379, 0.3046666666666667], "Company_17": [5.903094005796095, 0.4006666666666667], "Company_58": [5.893378274847706, 0.3746666666666667], "pays_2": [6.4615145954848465, 0.3146666666666667], "B_4": [5.6324443252545215, 0.4013333333333333], "B_18": [5.416436655594038, 0.43], "B_59": [6.735192080278371, 0.2333333333333333], "million_6": [7.583961580590923, 0.08733333333333333], "for_7": [6.508006311233629, 0.14333333333333334], "revolutionary_9": [6.2060759336629685, 0.2633333333333333], "AI_10": [8.922596208798469, 0.12933333333333333], "software_11": [6.375701651395327, 0.236], "within_12": [5.241364161581443, 0.584], "months_14": [5.456075837465995, 0.40666666666666673], "months_43": [6.442477939432568, 0.17133333333333334], "If_16": [5.583949801297872, 0.47733333333333333], "fails_19": [3.981487185923116, 0.5626666666666666], "deliver_21": [5.986406151142151, 0.3960000000000001], "fully_23": [4.539907119880419, 0.9], "functional_24": [6.075541896193234, 0.27133333333333337], "product_25": [5.310931976950895, 0.5506666666666667], "by_26": [5.170909246329416, 0.6153333333333333], "by_75": [4.790210318814748, 0.642], "the_27": [5.941196460162108, 0.49266666666666664], "the_36": [6.3464208851277855, 0.5073333333333333], "the_51": [5.639777314875057, 0.5566666666666666], "deadline_28": [4.305456013523652, 0.9380000000000001], "they_30": [5.9803379240992305, 0.38466666666666666], "must_31": [4.832865557107482, 0.8293333333333334], "refund_32": [6.29912142741155, 0.264], "%_34": [5.181976220618655, 0.582], "payment_37": [5.004154990135078, 0.6546666666666666], "provide_39": [6.875382867856331, 0.168], "an_40": [5.483480761890751, 0.5773333333333334], "additional_41": [5.670278439390477, 0.684], "3_42": [5.84571050578798, 0.4346666666666667], "development_45": [5.650607765227207, 0.5193333333333333], "free_46": [5.65844683656777, 0.4466666666666666], "However_48": [5.691881259650472, 0.4186666666666667], "if_50": [5.280115097019888, 0.6953333333333332], "delay_52": [6.576408510219445, 0.25733333333333336], "is_53": [5.3434018710022775, 0.5326666666666666], "is_73": [4.810460724380258, 0.6306666666666667], "due_54": [4.730450149542912, 0.7726666666666667], "circumstances_56": [4.578362909062273, 0.8653333333333334], "beyond_57": [5.8896239007460585, 0.42133333333333334], "s_61": [5.724678603941463, 0.5486666666666666], "reasonable_62": [6.106757866170118, 0.42933333333333334], "control_63": [7.157412600394694, 0.10000000000000002], "these_65": [6.475376891464296, 0.48133333333333334], "penalties_66": [5.523355008494136, 0.5606666666666666], "shall_67": [5.914185774993924, 0.44933333333333336], "shall_81": [5.713101178316781, 0.6393333333333334], "not_68": [3.54085879962055, 0.8393333333333333], "apply_69": [5.8555691122066955, 0.3733333333333333], "This_71": [5.265501275311999, 0.566], "agreement_72": [6.401420104522174, 0.2906666666666667], "governed_74": [5.268714740685315, 0.3906666666666667], "California_76": [6.91651495410013, 0.16133333333333333], "law_77": [6.151243459861786, 0.24333333333333332], "any_79": [5.215745572248106, 0.6960000000000001], "disputes_80": [4.9773193188042315, 0.7753333333333333], "be_82": [5.642656851399589, 0.5493333333333333], "resolved_83": [5.725593071719369, 0.3753333333333333], "through_84": [5.588238201444715, 0.5073333333333333], "binding_85": [6.672846367442863, 0.30466666666666664], "arbitration_86": [6.005780552237346, 0.35133333333333333]}