{"Company_0": [5.202288485466852, 0.10466666666666667], "Company_3": [3.3947574648871828, 0.09333333333333332], "Company_17": [2.802571975229758, 0.10466666666666667], "Company_58": [1.73510322983229, 0.10000000000000002], "A_1": [3.2524523889406396, 0.08666666666666667], "pays_2": [4.719870671270352, 0.10266666666666667], "B_4": [3.243264108981748, 0.11266666666666668], "B_18": [2.514381470393346, 0.08666666666666667], "B_59": [1.4715968895710982, 0.09933333333333334], "$10_5": [3.3734090282590237, 0.09600000000000002], "million_6": [4.154465189236059, 0.09933333333333334], "for_7": [2.8504012704273314, 0.09666666666666666], "a_8": [1.9572545978974176, 0.11866666666666666], "a_22": [0.7886346111202632, 0.10933333333333334], "revolutionary_9": [6.220168859180073, 0.10666666666666667], "AI_10": [8.305885301968516, 0.11666666666666665], "software_11": [4.657403792494552, 0.09599999999999999], "within_12": [2.090024689421322, 0.11133333333333334], "12_13": [3.1747817153307856, 0.11133333333333334], "months_14": [3.4610409365189603, 0.10466666666666667], "months_43": [3.119093969680307, 0.09866666666666668], "._15": [1.813483119433992, 0.09866666666666667], "._47": [1.4286847098416142, 0.09733333333333334], "._70": [1.132438953006158, 0.118], "._87": [2.2316926229063094, 0.09466666666666668], "If_16": [3.0899288832864613, 0.09866666666666667], "fails_19": [2.1937468591598495, 0.39799999999999996], "to_20": [1.4514240060085892, 0.11333333333333333], "to_55": [0.7586647117022949, 0.11066666666666668], "deliver_21": [3.083462729585032, 0.09933333333333333], "fully_23": [0.8966872722452024, 0.09800000000000002], "functional_24": [1.8054758522794145, 0.102], "product_25": [3.085210205212706, 0.09599999999999999], "by_26": [0.8942928176781303, 0.10333333333333333], "by_75": [0.8915999984957731, 0.09800000000000002], "the_27": [0.8246065394476622, 0.10466666666666667], "the_36": [0.6168869588777, 0.09200000000000001], "the_51": [1.0566376951475906, 0.11399999999999999], "deadline_28": [3.341122906541083, 0.09600000000000002], ",_29": [1.0531294465751369, 0.10066666666666667], ",_49": [0.8307235432362177, 0.104], ",_64": [1.0441515622331394, 0.10466666666666667], "they_30": [1.4144327960445178, 0.10466666666666667], "must_31": [2.215459009602455, 0.11], "refund_32": [5.541373977293309, 0.09400000000000001], "50_33": [3.448565639965684, 0.08466666666666667], "%_34": [1.8421163173958728, 0.09333333333333334], "of_35": [0.767604105248059, 0.10533333333333333], "of_44": [1.0333752656488286, 0.114], "payment_37": [1.9146941089802567, 0.08800000000000001], "and_38": [0.8934632115797285, 0.09733333333333334], "and_78": [0.8683225702444967, 0.09866666666666667], "provide_39": [0.9948847437378087, 0.10266666666666667], "an_40": [0.8255408002757273, 0.09533333333333333], "additional_41": [1.2537810769626958, 0.11133333333333333], "3_42": [2.186679813793186, 0.09333333333333334], "development_45": [4.4988158075375395, 0.09800000000000002], "free_46": [2.2125123603512598, 0.09666666666666668], "However_48": [2.032861735684302, 0.106], "if_50": [1.4615379555846932, 0.10533333333333333], "delay_52": [4.970173838976431, 0.10333333333333333], "is_53": [0.6952971536946583, 0.09933333333333334], "is_73": [1.0199312419846744, 0.09600000000000002], "due_54": [1.7914566922409467, 0.09000000000000001], "circumstances_56": [1.8077789149623034, 0.12133333333333333], "beyond_57": [1.2385482501298004, 0.108], "\u2019_60": [2.2194570531792124, 0.10066666666666667], "s_61": [1.698324131092603, 0.09999999999999999], "reasonable_62": [2.62711750073125, 0.106], "control_63": [2.772759863486499, 0.09666666666666666], "these_65": [1.0544530818600226, 0.10599999999999998], "penalties_66": [2.8198595107745255, 0.104], "shall_67": [1.9449655116532085, 0.11733333333333333], "shall_81": [0.6069524745885625, 0.10333333333333333], "not_68": [1.229790890132487, 0.39399999999999996], "apply_69": [1.506425333082613, 0.09533333333333334], "This_71": [1.7855943810084984, 0.108], "agreement_72": [3.0539592375504676, 0.104], "governed_74": [1.5992112528929283, 0.10133333333333333], "California_76": [5.858546964083492, 0.09800000000000002], "law_77": [1.6738650820708851, 0.11533333333333333], "any_79": [0.5958390325242059, 0.09333333333333334], "disputes_80": [1.078206043289659, 0.10066666666666667], "be_82": [0.5419125738735602, 0.09799999999999999], "resolved_83": [0.4326086802345041, 0.10999999999999999], "through_84": [0.3657980626612698, 0.10666666666666667], "binding_85": [2.314579274041042, 0.102], "arbitration_86": [2.927354376727635, 0.11266666666666665]}