{"Company_0": [7.094603989447293, 0.5426666666666666], "Company_3": [7.166224986020026, 0.4706666666666666], "Company_17": [7.128652830325943, 0.40066666666666667], "Company_58": [6.327357439357187, 0.7193333333333335], "A_1": [6.845073892894792, 0.454], "pays_2": [7.1157413574015935, 0.5886666666666667], "B_4": [6.913651908367076, 0.6120000000000001], "B_18": [7.19648213229862, 0.44333333333333336], "B_59": [6.808221781123014, 0.6026666666666666], "$10_5": [7.2796474205544355, 0.456], "million_6": [7.613296501350146, 0.38599999999999995], "for_7": [6.7072251623311265, 0.66], "a_8": [7.614429829788083, 0.288], "a_22": [7.646971624839352, 0.39599999999999996], "revolutionary_9": [7.384958820308484, 0.21266666666666667], "AI_10": [8.73017213925363, 0.11133333333333334], "software_11": [7.026290556176893, 0.46866666666666673], "within_12": [7.2160090667389625, 0.3486666666666667], "12_13": [6.917158965131018, 0.4106666666666667], "months_14": [7.4659305250907435, 0.36800000000000005], "months_43": [6.5755758301683676, 0.5339999999999999], "._15": [7.449366164054581, 0.45799999999999996], "._47": [7.1327104887868025, 0.4026666666666667], "._70": [6.696303175413444, 0.634], "._87": [6.617069971487766, 0.42933333333333334], "If_16": [6.877961388622141, 0.7226666666666667], "fails_19": [7.001258982759325, 0.47400000000000003], "to_20": [6.148591098510406, 0.6726666666666666], "to_55": [6.834147587916412, 0.428], "deliver_21": [7.663814663673077, 0.4426666666666667], "fully_23": [6.810559560534294, 0.5546666666666668], "functional_24": [7.719954936247665, 0.39866666666666667], "product_25": [6.522505389646537, 0.6026666666666667], "by_26": [6.7867551374770985, 0.658], "by_75": [7.210150589019594, 0.3133333333333333], "the_27": [6.1067057356453205, 0.758], "the_36": [6.7955015840314745, 0.58], "the_51": [6.75238688314187, 0.6573333333333333], "deadline_28": [6.821755273964873, 0.5273333333333333], ",_29": [7.425001834212918, 0.4666666666666666], ",_49": [6.737088002128277, 0.588], ",_64": [6.450824568228654, 0.6366666666666667], "they_30": [6.407805914234079, 0.6646666666666666], "must_31": [6.412795595080819, 0.5966666666666667], "refund_32": [8.865149405685887, 0.3173333333333333], "50_33": [7.016998299606999, 0.3453333333333333], "%_34": [7.021336002508499, 0.48066666666666663], "of_35": [6.905836864661229, 0.338], "of_44": [6.918443565049369, 0.4526666666666667], "payment_37": [6.602592948500136, 0.578], "and_38": [7.630303373452989, 0.29933333333333334], "and_78": [5.9471067889182505, 0.8973333333333334], "provide_39": [6.425263932371828, 0.556], "an_40": [7.422837991423751, 0.41333333333333333], "additional_41": [6.4229748312782675, 0.6633333333333333], "3_42": [6.798804711295818, 0.38000000000000006], "development_45": [7.05309164015842, 0.5406666666666666], "free_46": [6.753176644211837, 0.4326666666666667], "However_48": [7.376466860429353, 0.586], "if_50": [6.312660165937995, 0.7286666666666667], "delay_52": [7.442710239200626, 0.3626666666666667], "is_53": [7.217001855099892, 0.40266666666666673], "is_73": [6.880275359005483, 0.5126666666666667], "due_54": [7.338175874066714, 0.47000000000000003], "circumstances_56": [7.1866946781098315, 0.5146666666666667], "beyond_57": [7.7095775858626885, 0.41533333333333333], "\u2019_60": [7.422718080852722, 0.4626666666666666], "s_61": [6.4560453612400215, 0.7233333333333333], "reasonable_62": [7.237574433667878, 0.31466666666666665], "control_63": [6.937336733587454, 0.6233333333333334], "these_65": [6.515730334296712, 0.7080000000000001], "penalties_66": [6.025347035621263, 0.606], "shall_67": [6.704864686173804, 0.592], "shall_81": [6.789513759196257, 0.516], "not_68": [5.899231283435324, 0.7413333333333334], "apply_69": [6.0396119532155845, 0.694], "This_71": [6.7622100058224115, 0.5139999999999999], "agreement_72": [7.2129381575599645, 0.5086666666666667], "governed_74": [7.0547221798400725, 0.36600000000000005], "California_76": [7.48429131754116, 0.4746666666666666], "law_77": [6.7710078384398384, 0.3813333333333333], "any_79": [7.106014602913046, 0.6233333333333333], "disputes_80": [6.588663903604794, 0.7326666666666667], "be_82": [6.699613913350838, 0.466], "resolved_83": [7.432745128113425, 0.4673333333333334], "through_84": [6.93279662216591, 0.4426666666666667], "binding_85": [6.996056957311441, 0.4993333333333334], "arbitration_86": [7.222794119482657, 0.4553333333333333]}