{"Company_0": [5.07091326691214, 0.16599999999999998], "Company_3": [4.406271216330737, 0.602], "Company_17": [4.063764814286329, 0.442], "Company_58": [4.13530411326157, 0.7639999999999999], "A_1": [4.866005403793088, 0.4226666666666667], "pays_2": [5.135151887366427, 0.13733333333333334], "B_4": [4.566366502668036, 0.5539999999999999], "B_18": [3.9589551416240396, 0.5026666666666667], "B_59": [5.474578801448943, 0.35400000000000004], "$10_5": [4.5927440199610805, 0.41133333333333333], "million_6": [5.0860068463953665, 0.20266666666666666], "for_7": [4.941390779041622, 0.162], "a_8": [4.89739028459557, 0.494], "a_22": [4.271198703241022, 0.564], "revolutionary_9": [5.852905844299055, 0.09733333333333333], "AI_10": [7.373231230284586, 0.08800000000000001], "software_11": [4.869026785554204, 0.30266666666666664], "within_12": [4.374350979874414, 0.5660000000000001], "12_13": [4.3715459383160935, 0.36800000000000005], "months_14": [4.7065428132738125, 0.38466666666666666], "months_43": [4.780145548118862, 0.22066666666666668], "._15": [4.493571154729427, 0.32266666666666666], "._47": [4.238852066637637, 0.408], "._70": [6.138248050252311, 0.2693333333333333], "._87": [5.247102840071992, 0.39200000000000007], "If_16": [4.642005778549605, 0.3653333333333333], "fails_19": [4.418600706109044, 0.424], "to_20": [4.8246775418468, 0.242], "to_55": [4.481853008543431, 0.29333333333333333], "deliver_21": [5.194066698172634, 0.30666666666666664], "fully_23": [4.149890526800626, 0.4046666666666667], "functional_24": [4.275223206294322, 0.35733333333333334], "product_25": [4.390106639407066, 0.4246666666666667], "by_26": [4.340887758100776, 0.2793333333333333], "by_75": [4.584333893794884, 0.5593333333333333], "the_27": [4.090329435784597, 0.6233333333333334], "the_36": [4.759855681713714, 0.08333333333333333], "the_51": [4.297163525094287, 0.25333333333333335], "deadline_28": [4.665631684747411, 0.37200000000000005], ",_29": [4.687289082307836, 0.23466666666666666], ",_49": [4.288753901262784, 0.3746666666666667], ",_64": [4.6921360547914635, 0.3], "they_30": [4.355384622645656, 0.4746666666666666], "must_31": [4.269576106351017, 0.5813333333333334], "refund_32": [4.845136051116317, 0.2333333333333333], "50_33": [5.395324058263314, 0.21733333333333335], "%_34": [4.0198870395105395, 0.5006666666666667], "of_35": [4.388375806989994, 0.4733333333333334], "of_44": [4.381770503523272, 0.42933333333333334], "payment_37": [4.375185687100822, 0.4033333333333333], "and_38": [4.81105274051555, 0.32466666666666666], "and_78": [4.5589609301667515, 0.49800000000000005], "provide_39": [4.315571336115338, 0.36533333333333334], "an_40": [4.104084987756497, 0.604], "additional_41": [4.211002101371478, 0.6946666666666667], "3_42": [4.737089096063754, 0.3353333333333333], "development_45": [5.01314229157013, 0.13266666666666668], "free_46": [4.417964686246974, 0.59], "However_48": [5.136619542354368, 0.24266666666666667], "if_50": [4.106640397002732, 0.6106666666666666], "delay_52": [4.5236170069834465, 0.338], "is_53": [4.731282093156987, 0.16466666666666666], "is_73": [4.156822879689671, 0.23866666666666667], "due_54": [4.401421015684499, 0.3606666666666667], "circumstances_56": [4.199209700513148, 0.6499999999999999], "beyond_57": [3.8721019137885584, 0.61], "\u2019_60": [4.406262876676205, 0.49666666666666665], "s_61": [4.175085872920531, 0.51], "reasonable_62": [4.2282388815021505, 0.548], "control_63": [4.44828525958135, 0.5526666666666666], "these_65": [4.439718766048201, 0.448], "penalties_66": [4.484233820923421, 0.46466666666666673], "shall_67": [5.242414850494444, 0.3546666666666667], "shall_81": [4.523431360627824, 0.3793333333333333], "not_68": [4.140473176030867, 0.7200000000000001], "apply_69": [4.2042632950629, 0.246], "This_71": [4.145952235597754, 0.42333333333333334], "agreement_72": [5.7476843461266185, 0.3086666666666667], "governed_74": [4.22141712948321, 0.43133333333333335], "California_76": [4.83907120253398, 0.2893333333333333], "law_77": [4.1753536827423225, 0.5306666666666667], "any_79": [4.8210948664228885, 0.22066666666666668], "disputes_80": [4.417453763196101, 0.45133333333333336], "be_82": [4.468413378422349, 0.5526666666666666], "resolved_83": [4.352533806042275, 0.5373333333333333], "through_84": [4.34078669679881, 0.7166666666666667], "binding_85": [4.411214255304916, 0.4566666666666667], "arbitration_86": [4.2172433868528705, 0.44733333333333336]}