{"Company_0": [5.9778878390802115, 0.26133333333333336], "Company_3": [6.115632108879372, 0.48666666666666664], "Company_17": [6.072952797331887, 0.658], "Company_58": [6.0006331416634895, 0.5106666666666667], "A_1": [6.430598719305745, 0.40066666666666667], "pays_2": [6.777198262060826, 0.36133333333333334], "B_4": [5.965326294432693, 0.6779999999999999], "B_18": [6.0994055982529, 0.668], "B_59": [5.529002606584985, 0.9193333333333333], "$10_5": [5.6030017806725745, 0.5606666666666666], "million_6": [6.393229632980575, 0.7246666666666667], "for_7": [6.35187430923439, 0.5046666666666667], "a_8": [5.485131402216358, 0.49466666666666664], "a_22": [5.262348071181012, 0.7626666666666666], "revolutionary_9": [6.801370244621007, 0.25666666666666665], "AI_10": [7.208801882539471, 0.2293333333333333], "software_11": [7.206532012097057, 0.11133333333333333], "within_12": [5.530358074621037, 0.7906666666666666], "12_13": [5.929696993733413, 0.424], "months_14": [6.727208430372978, 0.3233333333333333], "months_43": [5.868032379071734, 0.35466666666666663], "._15": [5.994699112587946, 0.642], "._47": [5.679497472539963, 0.87], "._70": [6.451327199604137, 0.57], "._87": [5.697790296531341, 0.592], "If_16": [6.169015856762177, 0.488], "fails_19": [5.4618995408684015, 0.9346666666666668], "to_20": [6.329130639037355, 0.532], "to_55": [6.243746121836558, 0.494], "deliver_21": [6.404132863466287, 0.424], "fully_23": [5.857626478482971, 0.7686666666666667], "functional_24": [5.877872588020604, 0.5886666666666667], "product_25": [6.221378410368415, 0.4486666666666667], "by_26": [5.816708042528224, 0.7326666666666667], "by_75": [5.581541636293253, 0.5986666666666667], "the_27": [5.488771257244951, 0.782], "the_36": [6.156372501176738, 0.584], "the_51": [5.987861859663585, 0.33866666666666667], "deadline_28": [5.725708231907498, 0.5993333333333334], ",_29": [6.670682633758638, 0.5059999999999999], ",_49": [5.609774695106289, 0.682], ",_64": [5.97360087765884, 0.594], "they_30": [5.765461108513346, 0.5853333333333334], "must_31": [6.421745965747676, 0.5726666666666667], "refund_32": [6.87332885640259, 0.19400000000000003], "50_33": [6.154920322279711, 0.43599999999999994], "%_34": [6.600707704512234, 0.34800000000000003], "of_35": [6.228725832441846, 0.512], "of_44": [5.7695450098579855, 0.6913333333333335], "payment_37": [6.302808929191503, 0.5853333333333334], "and_38": [5.421749028054642, 0.806], "and_78": [5.5881369847658915, 0.7666666666666667], "provide_39": [6.80927902599385, 0.42533333333333334], "an_40": [5.445063319960842, 0.892], "additional_41": [5.622605229635508, 0.7399999999999999], "3_42": [5.953329375722155, 0.5339999999999999], "development_45": [6.5666396311105295, 0.6666666666666666], "free_46": [6.25504821889056, 0.35533333333333333], "However_48": [5.679418825446748, 0.6873333333333332], "if_50": [5.9502923015432785, 0.6933333333333334], "delay_52": [6.4803079327869115, 0.4260000000000001], "is_53": [5.7207118115327775, 0.628], "is_73": [6.156568273542461, 0.9006666666666666], "due_54": [5.781192527963615, 0.8333333333333334], "circumstances_56": [5.36566682226927, 0.8393333333333333], "beyond_57": [5.918336931165481, 0.584], "\u2019_60": [5.393814083985809, 0.6206666666666667], "s_61": [6.624998508045084, 0.124], "reasonable_62": [6.926897629318083, 0.45533333333333337], "control_63": [5.820115444640785, 0.446], "these_65": [6.066222261929092, 0.7666666666666666], "penalties_66": [6.451208894626503, 0.23866666666666667], "shall_67": [6.97441624668535, 0.2873333333333334], "shall_81": [5.822468832133658, 0.8253333333333334], "not_68": [6.087374894018352, 0.49533333333333335], "apply_69": [6.530199467972191, 0.5413333333333333], "This_71": [6.012904614258232, 0.2786666666666667], "agreement_72": [6.09854798221114, 0.514], "governed_74": [6.25759372438768, 0.45], "California_76": [6.856055265745984, 0.146], "law_77": [5.830504183333704, 0.7253333333333333], "any_79": [5.6397273088617625, 0.7153333333333333], "disputes_80": [5.381490227268315, 0.43533333333333335], "be_82": [5.88928037036667, 0.49533333333333335], "resolved_83": [6.143836184787804, 0.7839999999999999], "through_84": [7.04980208498342, 0.5806666666666667], "binding_85": [5.812980669613201, 0.8466666666666667], "arbitration_86": [6.281807360065528, 0.5473333333333333]}