{"company_0": [8.084389899684378, 0.39466666666666667], "company_3": [7.698111951935656, 0.42733333333333334], "company_17": [8.09926289188696, 0.4186666666666667], "company_58": [6.987596460854163, 0.6453333333333333], "a_1": [8.20378336341089, 0.426], "pays_2": [8.010479970452293, 0.48466666666666663], "b_4": [8.235231510012825, 0.446], "b_18": [7.290450386967038, 0.36133333333333334], "b_59": [6.663885000651304, 0.7806666666666667], "$10_5": [7.054181546660723, 0.5059999999999999], "million_6": [8.571230033286662, 0.2793333333333334], "for_7": [8.560982551646836, 0.39866666666666667], "a_8": [8.260111642808056, 0.5253333333333333], "a_22": [7.402991893606218, 0.5193333333333333], "revolutionary_9": [9.508303634806689, 0.102], "ai_10": [8.04377943569859, 0.3446666666666667], "software_11": [7.67753106829839, 0.4593333333333333], "within_12": [7.390421098617296, 0.5433333333333333], "12_13": [7.597100029743978, 0.5120000000000001], "months_14": [6.3588635618080005, 0.6986666666666667], "months_43": [8.625205959066454, 0.244], "._15": [7.554889562560338, 0.552], "._47": [7.389483257613175, 0.54], "._70": [6.2821739774616425, 0.5686666666666667], "._87": [7.848362182015248, 0.49], "if_16": [7.263257737784149, 0.4166666666666667], "fails_19": [7.386100384580016, 0.6613333333333333], "to_20": [7.06600518451219, 0.6986666666666667], "to_55": [7.376812624390216, 0.614], "deliver_21": [7.481977656725473, 0.5893333333333334], "fully_23": [7.339375837278936, 0.48466666666666675], "functional_24": [7.070971836146008, 0.6366666666666667], "product_25": [8.335174436682571, 0.46399999999999997], "by_26": [8.307110213838552, 0.4186666666666667], "by_75": [7.645547402435077, 0.458], "the_27": [8.966010663155773, 0.2273333333333333], "the_36": [6.826279607531895, 0.644], "the_51": [5.665352535142403, 0.8946666666666666], "deadline_28": [7.071001242381494, 0.7153333333333333], ",_29": [6.896508204596839, 0.6906666666666667], ",_49": [8.072467864406612, 0.41333333333333333], ",_64": [7.052648891195969, 0.522], "they_30": [7.2540023863017, 0.5853333333333334], "must_31": [6.944059951173, 0.5553333333333333], "refund_32": [7.899607463673578, 0.4546666666666667], "50_33": [7.768097083293132, 0.5266666666666667], "%_34": [8.232882696090117, 0.3453333333333333], "of_35": [7.81210597075911, 0.4206666666666667], "of_44": [7.8711096061242145, 0.4573333333333333], "payment_37": [6.688528248576968, 0.6726666666666666], "and_38": [7.433263031304743, 0.5646666666666667], "and_78": [7.079852950164727, 0.6653333333333333], "provide_39": [7.575585378895784, 0.49800000000000005], "an_40": [8.141906714533683, 0.4026666666666667], "additional_41": [7.125545488631318, 0.7746666666666666], "3_42": [7.524931433811649, 0.5419999999999999], "development_45": [7.844964345185897, 0.5226666666666667], "free_46": [7.128377134710195, 0.5486666666666666], "however_48": [9.076104938291632, 0.2233333333333333], "if_50": [8.312988000930966, 0.47666666666666674], "delay_52": [7.307605737536169, 0.5553333333333333], "is_53": [8.20105980534162, 0.508], "is_73": [8.456942787925291, 0.22999999999999998], "due_54": [8.920029931081075, 0.308], "circumstances_56": [8.960604019659142, 0.21], "beyond_57": [7.537256302588806, 0.424], "\u2019_60": [8.351826845736047, 0.5486666666666666], "s_61": [6.405627692452826, 0.8453333333333334], "reasonable_62": [7.036375134616072, 0.6373333333333333], "control_63": [6.239076784502139, 0.778], "these_65": [8.78270973429886, 0.2966666666666667], "penalties_66": [8.041797980323347, 0.5326666666666666], "shall_67": [7.512307159738157, 0.7906666666666666], "shall_81": [9.205765227489218, 0.19133333333333333], "not_68": [8.106805722803916, 0.4053333333333333], "apply_69": [7.484781934987789, 0.4506666666666666], "this_71": [6.74801801305387, 0.6706666666666666], "agreement_72": [9.177655064836262, 0.27399999999999997], "governed_74": [7.813174580473736, 0.6406666666666667], "california_76": [8.600710420784749, 0.2966666666666667], "law_77": [7.241350595123315, 0.5466666666666666], "any_79": [5.834285168775246, 0.9199999999999999], "disputes_80": [6.708043171080312, 0.8266666666666667], "be_82": [7.132250823867963, 0.5993333333333334], "resolved_83": [7.12432362841686, 0.5006666666666667], "through_84": [6.353012662811327, 0.7200000000000001], "binding_85": [7.046836562252408, 0.6779999999999999], "arbitration_86": [7.2479890569925205, 0.6713333333333332]}