{"Company_0": [8.050182497521511, 0.5], "Company_3": [7.520220652848226, 0.5606666666666666], "Company_17": [7.174216507422287, 0.8406666666666668], "Company_58": [7.7904720129476175, 0.4393333333333333], "pays_2": [7.01567848149547, 0.8846666666666666], "B_4": [8.758243066213828, 0.446], "B_18": [7.040627004070951, 0.844], "B_59": [7.92035856002362, 0.5459999999999999], "million_6": [7.228683136459595, 0.84], "for_7": [8.345464395593316, 0.43933333333333335], "revolutionary_9": [7.4656748732189255, 0.8306666666666667], "AI_10": [8.3094289974288, 0.6173333333333333], "software_11": [7.540261126316299, 0.8146666666666667], "within_12": [7.471198586796352, 0.7233333333333333], "months_14": [7.179351543524059, 0.848], "months_43": [7.739861775170961, 0.6993333333333333], "If_16": [7.995626762434657, 0.5033333333333333], "fails_19": [7.093236189721033, 0.902], "deliver_21": [7.663792455285898, 0.7813333333333334], "fully_23": [7.031235762288577, 0.8726666666666668], "functional_24": [7.306936914612329, 0.7986666666666666], "product_25": [7.2907134501505375, 0.7413333333333333], "by_26": [7.458089768471734, 0.6699999999999999], "by_75": [7.310470420840467, 0.9593333333333334], "the_27": [7.699916847392245, 0.62], "the_36": [7.733429379349208, 0.5299999999999999], "the_51": [7.7515445296945416, 0.5680000000000001], "deadline_28": [7.512289139226965, 0.8913333333333333], "they_30": [8.562776552346048, 0.5546666666666668], "must_31": [7.836978701740328, 0.6486666666666667], "refund_32": [7.350870425355912, 0.6526666666666666], "%_34": [8.133968489693348, 0.516], "payment_37": [7.4807542223324575, 0.6346666666666666], "provide_39": [7.404032578996824, 0.6906666666666667], "an_40": [7.24807760183939, 0.7839999999999999], "additional_41": [7.790162220740832, 0.6853333333333333], "3_42": [7.23703161096761, 0.7673333333333333], "development_45": [7.5244136001466115, 0.7113333333333333], "free_46": [7.746148043446804, 0.5753333333333333], "However_48": [7.533597654025555, 0.7053333333333333], "if_50": [7.215625385665677, 0.874], "delay_52": [7.2642902180376, 0.5606666666666666], "is_53": [7.741822657468236, 0.6573333333333333], "is_73": [7.965259291539041, 0.5226666666666667], "due_54": [7.323103309982244, 0.6166666666666667], "circumstances_56": [7.69830230549153, 0.7433333333333335], "beyond_57": [8.218028211374728, 0.7006666666666667], "s_61": [7.1201741760326485, 0.91], "reasonable_62": [8.218494116069676, 0.5673333333333334], "control_63": [7.799921969372664, 0.624], "these_65": [7.304664383240891, 0.786], "penalties_66": [7.092835469893895, 0.892], "shall_67": [6.98629310994302, 0.8446666666666666], "shall_81": [7.043836053076895, 0.9473333333333332], "not_68": [7.315301595329628, 0.7313333333333333], "apply_69": [7.519979271766496, 0.7386666666666667], "This_71": [7.236374708809021, 0.8006666666666667], "agreement_72": [7.018710328266445, 0.9239999999999999], "governed_74": [7.443278457313075, 0.702], "California_76": [8.317960664228023, 0.3646666666666667], "law_77": [6.779364605779905, 0.8786666666666667], "any_79": [8.458196698047502, 0.48], "disputes_80": [7.748230311443639, 0.6206666666666667], "be_82": [9.899553477265462, 0.19999999999999998], "resolved_83": [7.886815041851636, 0.49533333333333335], "through_84": [7.404066251416914, 0.8313333333333333], "binding_85": [8.473178979987702, 0.47000000000000003], "arbitration_86": [7.474870128086287, 0.7666666666666667]}