{"company_0": [0.030911748014542734, 0.17400000000000002], "company_3": [0.030960499002421576, 0.298], "company_17": [0.027425054444043067, 0.3966666666666667], "company_58": [0.027087371169100618, 0.38999999999999996], "a_1": [0.02773457577751666, 0.3113333333333333], "pays_2": [0.03210435506264226, 0.28933333333333333], "b_4": [0.024624453587942383, 0.38199999999999995], "b_18": [0.022978971589068694, 0.4366666666666667], "b_59": [0.03480970575850506, 0.18533333333333335], "$10_5": [0.027017235999215516, 0.5373333333333333], "million_6": [0.041774928171062466, 0.078], "for_7": [0.03186349896905835, 0.14666666666666664], "a_8": [0.03637887360404408, 0.262], "a_22": [0.024259063274818637, 0.5313333333333333], "revolutionary_9": [0.02918404365221521, 0.298], "ai_10": [0.054691688946411264, 0.13066666666666668], "software_11": [0.030518609859110143, 0.24999999999999997], "within_12": [0.021165809199277342, 0.6666666666666666], "12_13": [0.026995611435004684, 0.41066666666666674], "months_14": [0.022938151401687378, 0.43333333333333335], "months_43": [0.03082732809683214, 0.164], "._15": [0.0244774087470985, 0.4586666666666667], "._47": [0.022619492597022433, 0.442], "._70": [0.03715282381955241, 0.08466666666666667], "._87": [0.022856333712598334, 0.31533333333333335], "if_16": [0.024056014397413523, 0.46466666666666673], "fails_19": [0.018252824994272585, 0.564], "to_20": [0.025940668863162403, 0.4506666666666667], "to_55": [0.026171819506948857, 0.5533333333333333], "deliver_21": [0.027569337865283025, 0.37999999999999995], "fully_23": [0.015871807034969966, 0.94], "functional_24": [0.028485743968123214, 0.22199999999999998], "product_25": [0.021618112233382086, 0.5533333333333333], "by_26": [0.021440447070074295, 0.5619999999999999], "by_75": [0.01790239572791891, 0.6193333333333334], "the_27": [0.02794716178788571, 0.44333333333333336], "the_36": [0.03101567490945251, 0.49666666666666665], "the_51": [0.024797090247779253, 0.5113333333333333], "deadline_28": [0.01346732599500817, 0.9659999999999999], ",_29": [0.033183541011586846, 0.2693333333333333], ",_49": [0.035734753553590674, 0.08266666666666667], ",_64": [0.038322587657062555, 0.3486666666666666], "they_30": [0.027772755288978223, 0.31066666666666665], "must_31": [0.01820711591312174, 0.7846666666666667], "refund_32": [0.030565124859823777, 0.24933333333333332], "50_33": [0.02186174595701264, 0.6666666666666666], "%_34": [0.020896746487203466, 0.624], "of_35": [0.019850076626146282, 0.646], "of_44": [0.02094663751656958, 0.6733333333333333], "payment_37": [0.019717684576702695, 0.6920000000000001], "and_38": [0.03015879584215202, 0.37000000000000005], "and_78": [0.028758849470842045, 0.27466666666666667], "provide_39": [0.03476953014712624, 0.24066666666666667], "an_40": [0.023498002266189533, 0.5579999999999999], "additional_41": [0.02593590553793915, 0.6786666666666666], "3_42": [0.026776726454637762, 0.43], "development_45": [0.02472581734552173, 0.5559999999999999], "free_46": [0.02468755154111431, 0.4633333333333334], "however_48": [0.02534542466217166, 0.40199999999999997], "if_50": [0.022508907945697387, 0.576], "delay_52": [0.032954390618085055, 0.25066666666666665], "is_53": [0.022620130594955167, 0.442], "is_73": [0.018172530803030145, 0.7040000000000001], "due_54": [0.017680759650745257, 0.7306666666666667], "circumstances_56": [0.016268234161771835, 0.8513333333333333], "beyond_57": [0.02742656092116444, 0.38333333333333336], "\u2019_60": [0.0272972224199784, 0.424], "s_61": [0.02543290244377344, 0.5046666666666667], "reasonable_62": [0.029089647100229526, 0.4186666666666667], "control_63": [0.037307795568867, 0.10066666666666667], "these_65": [0.032366554258553205, 0.4333333333333333], "penalties_66": [0.024921572926711554, 0.5006666666666667], "shall_67": [0.02813302170478794, 0.3746666666666667], "shall_81": [0.025117288436034963, 0.634], "not_68": [0.015252927994995178, 0.8099999999999999], "apply_69": [0.026940765474724643, 0.258], "this_71": [0.021626032107082558, 0.54], "agreement_72": [0.031444697314159976, 0.26466666666666666], "governed_74": [0.02236835029710783, 0.3373333333333333], "california_76": [0.03563139445670229, 0.14466666666666667], "law_77": [0.029129295116841435, 0.2886666666666667], "any_79": [0.021262929011957952, 0.6786666666666666], "disputes_80": [0.0193293406260335, 0.7280000000000001], "be_82": [0.02456533830979828, 0.5706666666666668], "resolved_83": [0.025214223021219163, 0.36000000000000004], "through_84": [0.02478796415291253, 0.5106666666666667], "binding_85": [0.034058004025235296, 0.3333333333333333], "arbitration_86": [0.028088335811900428, 0.324]}