{"company_0": [0.04461789146977705, 0.33866666666666667], "company_3": [0.045635761698386124, 0.3746666666666667], "company_17": [0.0455629304889418, 0.66], "company_58": [0.043862851840952295, 0.39866666666666667], "a_1": [0.04508816862737967, 0.45333333333333337], "pays_2": [0.055392870448848795, 0.30866666666666664], "b_4": [0.06570908201927937, 0.30533333333333335], "b_18": [0.052329157841489726, 0.422], "b_59": [0.05567138598354023, 0.31066666666666665], "$10_5": [0.03611291488405167, 0.6826666666666666], "million_6": [0.053113091960599525, 0.606], "for_7": [0.052394055521569706, 0.37600000000000006], "a_8": [0.042247221558320225, 0.3946666666666667], "a_22": [0.044235743729405495, 0.33866666666666667], "revolutionary_9": [0.0554072655266896, 0.27799999999999997], "ai_10": [0.05900162319127573, 0.12], "software_11": [0.0685800935333179, 0.04733333333333334], "within_12": [0.046506368663170684, 0.6566666666666666], "12_13": [0.05268117457426371, 0.2806666666666667], "months_14": [0.041651119053847135, 0.39999999999999997], "months_43": [0.05866090326304276, 0.422], "._15": [0.042050880447485145, 0.5453333333333333], "._47": [0.04173335772163845, 0.5253333333333333], "._70": [0.05070466957946205, 0.2793333333333334], "._87": [0.05948126173267925, 0.14133333333333334], "if_16": [0.03905758715601617, 0.5326666666666667], "fails_19": [0.04575125377739834, 0.2973333333333333], "to_20": [0.05529804446979011, 0.334], "to_55": [0.04800135338583844, 0.324], "deliver_21": [0.04342844964299015, 0.4126666666666667], "fully_23": [0.037893530046379235, 0.4673333333333334], "functional_24": [0.06156079442551075, 0.24266666666666667], "product_25": [0.044853644297442465, 0.502], "by_26": [0.03895868356256272, 0.582], "by_75": [0.0525472570551541, 0.3873333333333333], "the_27": [0.0376942874320293, 0.618], "the_36": [0.040261534140208485, 0.6553333333333334], "the_51": [0.05197609706678718, 0.158], "deadline_28": [0.04992512017773013, 0.27399999999999997], ",_29": [0.05395592622636386, 0.4673333333333334], ",_49": [0.0442146092269104, 0.49666666666666665], ",_64": [0.05447615103274411, 0.39466666666666667], "they_30": [0.05646221011492511, 0.3233333333333333], "must_31": [0.06069491909234128, 0.21], "refund_32": [0.06398380776168441, 0.24933333333333332], "50_33": [0.059042954379723185, 0.288], "%_34": [0.05719864649370122, 0.2933333333333333], "of_35": [0.04603291230301229, 0.504], "of_44": [0.03506979236087667, 0.6986666666666667], "payment_37": [0.05113727370120613, 0.20933333333333334], "and_38": [0.04237605988616655, 0.46399999999999997], "and_78": [0.03487190846013292, 0.5486666666666666], "provide_39": [0.04354288304824732, 0.44333333333333336], "an_40": [0.06266287905163576, 0.2333333333333333], "additional_41": [0.04986676245901072, 0.4066666666666667], "3_42": [0.04294506036808934, 0.4106666666666667], "development_45": [0.05196544781756096, 0.43733333333333335], "free_46": [0.054426497469517644, 0.12333333333333334], "however_48": [0.07369281878711735, 0.05199999999999999], "if_50": [0.0626465675308691, 0.19000000000000003], "delay_52": [0.02985344039261435, 0.8526666666666668], "is_53": [0.053116229453768815, 0.2773333333333334], "is_73": [0.04828091413580876, 0.5453333333333333], "due_54": [0.04643993034868262, 0.40199999999999997], "circumstances_56": [0.04645009230661657, 0.30466666666666664], "beyond_57": [0.06389479574661938, 0.21666666666666665], "\u2019_60": [0.05432454692852118, 0.39599999999999996], "s_61": [0.05152157515330356, 0.21866666666666665], "reasonable_62": [0.053076335704265204, 0.586], "control_63": [0.0570254251904036, 0.49200000000000005], "these_65": [0.03704065753550548, 0.5286666666666667], "penalties_66": [0.04928418127529827, 0.35400000000000004], "shall_67": [0.04886391645268482, 0.32866666666666666], "shall_81": [0.03665822151654743, 0.4406666666666667], "not_68": [0.043210087396485464, 0.41933333333333334], "apply_69": [0.04232178047090337, 0.614], "this_71": [0.054876041071036025, 0.32], "agreement_72": [0.05548703245098455, 0.306], "governed_74": [0.05629497922946893, 0.34800000000000003], "california_76": [0.05184150017072575, 0.5493333333333333], "law_77": [0.037606120908964445, 0.59], "any_79": [0.045270406990762284, 0.4366666666666667], "disputes_80": [0.05646174214245183, 0.4693333333333334], "be_82": [0.06544949173874665, 0.18133333333333332], "resolved_83": [0.04681587143091039, 0.4306666666666667], "through_84": [0.04331275816710146, 0.274], "binding_85": [0.05782077830573251, 0.5173333333333333], "arbitration_86": [0.0651164746532502, 0.14066666666666666]}