{"a_0": [0.02457251075577051, 0.08733333333333333], "senior_1": [0.0156852978781698, 0.25266666666666665], "executive_2": [0.01789509149070172, 0.11933333333333333], "is_3": [0.01813529436392896, 0.383], "accused_4": [0.014417657859373717, 0.25666666666666665], "of_5": [0.014640589798909582, 0.297], "insider_6": [0.02897327239791934, 0.04733333333333334], "trading_7": [0.02350839638390197, 0.09200000000000001], ",_8": [0.013752099370985024, 0.4073333333333333], ",_24": [0.013567787835042505, 0.204], "allegedly_9": [0.02836552638548195, 0.02533333333333333], "using_10": [0.017495278512489755, 0.1845], "confidential_11": [0.009473198276468732, 0.5293333333333333], "information_12": [0.008528425779681765, 0.5179999999999999], "to_13": [0.008580824453067426, 0.47400000000000003], "gain_14": [0.007753477475497715, 0.6106666666666666], "substantial_15": [0.01284902981477543, 0.338], "financial_16": [0.007298291873703139, 0.648], "benefits_17": [0.008420312236689266, 0.59], "._18": [0.013272207285592426, 0.2926666666666667], "._35": [0.010345780457162952, 0.4566666666666667], "the_19": [0.013421909299681602, 0.3046666666666667], "defendant_20": [0.01267703102471292, 0.264], "maintains_21": [0.010932576018972698, 0.3566666666666667], "his_22": [0.014662863979829908, 0.426], "innocence_23": [0.006204953353418999, 0.7286666666666667], "claiming_25": [0.013735547234787926, 0.2146666666666667], "that_26": [0.011800342671547776, 0.34600000000000003], "all_27": [0.01123480921539678, 0.3566666666666667], "investment_28": [0.016250578880014868, 0.15], "decisions_29": [0.010551339667870183, 0.38000000000000006], "were_30": [0.006661447651807729, 0.68], "based_31": [0.012375712919098655, 0.25], "on_32": [0.010574128342767119, 0.453], "public_33": [0.007455439836037608, 0.5966666666666667], "data_34": [0.008260055083333807, 0.534]}