{"a_0": [0.01062258197985832, 0.6006666666666667], "senior_1": [0.012548893471260217, 0.37866666666666665], "executive_2": [0.02369634008624738, 0.01933333333333333], "is_3": [0.009605649166270687, 0.6895], "accused_4": [0.011244513806644055, 0.45933333333333337], "of_5": [0.009685350756244644, 0.6950000000000001], "insider_6": [0.014385391422111801, 0.156], "trading_7": [0.015867530921141376, 0.4066666666666667], ",_8": [0.010148803243616146, 0.6626666666666666], ",_24": [0.011983875238112849, 0.4466666666666667], "allegedly_9": [0.013102008325942513, 0.206], "using_10": [0.011779638693711974, 0.35150000000000003], "confidential_11": [0.00856933378473581, 0.818], "information_12": [0.011020917613410786, 0.5146666666666667], "to_13": [0.01212994890847616, 0.46499999999999997], "gain_14": [0.012578352849205806, 0.42933333333333334], "substantial_15": [0.01244954030978282, 0.4613333333333333], "financial_16": [0.010839899408648282, 0.46866666666666673], "benefits_17": [0.010016992753198957, 0.6773333333333333], "._18": [0.012764881253451968, 0.6246666666666667], "._35": [0.015652628780974575, 0.254], "the_19": [0.012291216984439851, 0.37666666666666665], "defendant_20": [0.009726934901939405, 0.7006666666666667], "maintains_21": [0.010101295030999742, 0.6413333333333333], "his_22": [0.010047596751835731, 0.6353333333333333], "innocence_23": [0.010379972086969698, 0.6419999999999999], "claiming_25": [0.01095996018855709, 0.6393333333333333], "that_26": [0.012586625207649598, 0.428], "all_27": [0.0491571112839983, 0.3106666666666667], "investment_28": [0.00970648255040415, 0.7040000000000001], "decisions_29": [0.011792352617381789, 0.47800000000000004], "were_30": [0.008061663190806747, 0.8893333333333334], "based_31": [0.008546449807479942, 0.8154999999999999], "on_32": [0.013114215890027125, 0.5289999999999999], "public_33": [0.011060883459585094, 0.4573333333333333], "data_34": [0.012006294975092787, 0.40066666666666667]}