{"company_0": [0.014045846067175488, 0.484], "company_3": [0.018871854949996606, 0.34600000000000003], "company_17": [0.014561192877617923, 0.566], "company_58": [0.022603725191348078, 0.18066666666666667], "a_1": [0.01826967730007613, 0.39666666666666667], "pays_2": [0.022031795326050096, 0.3586666666666667], "b_4": [0.021302961859131313, 0.216], "b_18": [0.009720405768350688, 0.8013333333333333], "b_59": [0.017093355911814153, 0.4453333333333333], "$10_5": [0.016847255567749794, 0.418], "million_6": [0.02205606727390379, 0.18800000000000003], "for_7": [0.01664437026896257, 0.4166666666666667], "a_8": [0.012821808296035754, 0.6746666666666666], "a_22": [0.020264968599924483, 0.24066666666666667], "revolutionary_9": [0.015743345542086732, 0.38133333333333336], "ai_10": [0.04205630591942413, 0.06666666666666667], "software_11": [0.02347003841270243, 0.19266666666666665], "within_12": [0.01667056322879206, 0.3613333333333333], "12_13": [0.015820789895224664, 0.4119999999999999], "months_14": [0.011565072853317315, 0.718], "months_43": [0.023470250184251973, 0.24133333333333337], "._15": [0.011610076636006375, 0.6093333333333333], "._47": [0.015646814745841325, 0.5093333333333333], "._70": [0.024691991363708827, 0.152], "._87": [0.014656757721835709, 0.47666666666666674], "if_16": [0.017137259752165655, 0.3773333333333333], "fails_19": [0.006422275906755153, 0.8546666666666667], "to_20": [0.01672952615692924, 0.2813333333333334], "to_55": [0.0161009349850409, 0.5866666666666667], "deliver_21": [0.01259067517950186, 0.5666666666666667], "fully_23": [0.016967914534840704, 0.3446666666666667], "functional_24": [0.016369371088532494, 0.46466666666666673], "product_25": [0.011583446266370043, 0.636], "by_26": [0.015224536897340955, 0.4386666666666667], "by_75": [0.026426514333035684, 0.17333333333333334], "the_27": [0.018324061718407177, 0.5173333333333333], "the_36": [0.01993089112229386, 0.48933333333333334], "the_51": [0.016699880996473283, 0.432], "deadline_28": [0.010805799918080894, 0.7759999999999999], ",_29": [0.019863082268437287, 0.30533333333333335], ",_49": [0.021032081221004778, 0.16066666666666665], ",_64": [0.021321709777801328, 0.254], "they_30": [0.010902010696482188, 0.7726666666666665], "must_31": [0.018979419053110156, 0.3193333333333333], "refund_32": [0.021093742338174834, 0.37133333333333335], "50_33": [0.013588028422639084, 0.638], "%_34": [0.012342537246390091, 0.6113333333333333], "of_35": [0.01584560724799915, 0.4053333333333333], "of_44": [0.014909975941725655, 0.5433333333333333], "payment_37": [0.010920648255120744, 0.6553333333333334], "and_38": [0.022542985232904142, 0.16866666666666666], "and_78": [0.02005716877872733, 0.19799999999999998], "provide_39": [0.013224524877809207, 0.5186666666666667], "an_40": [0.017850010741477643, 0.24], "additional_41": [0.01621800419676862, 0.39066666666666666], "3_42": [0.023924709287177794, 0.11533333333333333], "development_45": [0.014761133879152987, 0.4746666666666666], "free_46": [0.012088917418750289, 0.6166666666666667], "however_48": [0.014166162597493275, 0.522], "if_50": [0.02029700640536541, 0.29133333333333333], "delay_52": [0.01828799309015001, 0.4186666666666666], "is_53": [0.01396272938137359, 0.48533333333333334], "is_73": [0.014121734695341828, 0.48266666666666663], "due_54": [0.011929545473672124, 0.7093333333333334], "circumstances_56": [0.02079857565693547, 0.37733333333333335], "beyond_57": [0.015424958593360428, 0.5106666666666667], "\u2019_60": [0.023902536952553788, 0.118], "s_61": [0.012403703305293286, 0.6186666666666666], "reasonable_62": [0.016156485803405233, 0.3553333333333333], "control_63": [0.013086576232135655, 0.5366666666666666], "these_65": [0.015941800287831667, 0.436], "penalties_66": [0.018498851646617052, 0.31], "shall_67": [0.01862660801685295, 0.4226666666666667], "shall_81": [0.012696468218970984, 0.5326666666666667], "not_68": [0.00613737148971194, 0.87], "apply_69": [0.018909237581106533, 0.4913333333333334], "this_71": [0.012907303261700568, 0.546], "agreement_72": [0.021123995349562386, 0.20200000000000004], "governed_74": [0.017058884148122015, 0.326], "california_76": [0.03825155765465859, 0.046000000000000006], "law_77": [0.023513812269034224, 0.28600000000000003], "any_79": [0.021195999570312558, 0.236], "disputes_80": [0.015318706404622606, 0.4386666666666666], "be_82": [0.02270805526798357, 0.39866666666666667], "resolved_83": [0.015512955004402121, 0.4706666666666666], "through_84": [0.017952229851080154, 0.3006666666666667], "binding_85": [0.020097050190915334, 0.3153333333333333], "arbitration_86": [0.01722616767153117, 0.4046666666666667]}