{"company_0": [0.03016788429731182, 0.36399999999999993], "company_3": [0.02130893479696942, 0.6846666666666666], "company_17": [0.034000516363692716, 0.284], "company_58": [0.029305535412577837, 0.232], "a_1": [0.026791837734217814, 0.5553333333333333], "pays_2": [0.038476809816534556, 0.26666666666666666], "b_4": [0.04154902396880231, 0.055999999999999994], "b_18": [0.028586160769237607, 0.3533333333333333], "b_59": [0.03130621685172676, 0.35200000000000004], "$10_5": [0.026260063601046036, 0.3726666666666667], "million_6": [0.021465465640878745, 0.7713333333333333], "for_7": [0.03381326696495361, 0.2346666666666667], "a_8": [0.04905679413616615, 0.12533333333333332], "a_22": [0.02857024012099073, 0.32866666666666666], "revolutionary_9": [0.027523901271760073, 0.39666666666666667], "ai_10": [0.047872979693885875, 0.043333333333333335], "software_11": [0.03499503867737495, 0.15866666666666668], "within_12": [0.032650760468693515, 0.20866666666666667], "12_13": [0.025689076442496378, 0.5313333333333333], "months_14": [0.02578569521668736, 0.454], "months_43": [0.026230512092006664, 0.3786666666666667], "._15": [0.030801442440197113, 0.36933333333333335], "._47": [0.024278413317298967, 0.612], "._70": [0.02811105706444615, 0.4473333333333333], "._87": [0.028232806122931702, 0.5106666666666667], "if_16": [0.031459124176275576, 0.2733333333333334], "fails_19": [0.02006396209261055, 0.8226666666666667], "to_20": [0.031918969001933944, 0.21466666666666667], "to_55": [0.029328142559992203, 0.336], "deliver_21": [0.03199838517019583, 0.30266666666666664], "fully_23": [0.027776099502436192, 0.36000000000000004], "functional_24": [0.023169455840943497, 0.5886666666666667], "product_25": [0.023011000659536058, 0.7559999999999999], "by_26": [0.023800192961155764, 0.6113333333333334], "by_75": [0.02358574451344153, 0.614], "the_27": [0.02594428888945774, 0.4693333333333333], "the_36": [0.02080971307497515, 0.7133333333333334], "the_51": [0.027856584635177633, 0.4320000000000001], "deadline_28": [0.03744644578997227, 0.16866666666666666], ",_29": [0.026049900713944304, 0.49666666666666676], ",_49": [0.02520385427081311, 0.5673333333333334], ",_64": [0.030530953442660436, 0.37333333333333335], "they_30": [0.03506030392975634, 0.3466666666666667], "must_31": [0.028386866562586127, 0.40466666666666673], "refund_32": [0.021523202908837736, 0.7373333333333334], "50_33": [0.03348417050308452, 0.22399999999999998], "%_34": [0.03223353142482344, 0.37133333333333335], "of_35": [0.025248562799744204, 0.5406666666666666], "of_44": [0.022185950962199552, 0.8106666666666666], "payment_37": [0.02247989147942141, 0.6746666666666666], "and_38": [0.020540919061063045, 0.6466666666666667], "and_78": [0.02745252432422503, 0.314], "provide_39": [0.023215092159229456, 0.616], "an_40": [0.03613487361340111, 0.18266666666666667], "additional_41": [0.028774716273084682, 0.286], "3_42": [0.028592929528394845, 0.3466666666666667], "development_45": [0.024616610028933505, 0.602], "free_46": [0.02240664901555311, 0.6113333333333334], "however_48": [0.02764862943594515, 0.434], "if_50": [0.03026720652601267, 0.38466666666666666], "delay_52": [0.02958641462446547, 0.36133333333333334], "is_53": [0.026714342788130136, 0.4846666666666666], "is_73": [0.03692913951937132, 0.5013333333333333], "due_54": [0.026423351997977813, 0.5519999999999999], "circumstances_56": [0.02172223153312124, 0.6333333333333333], "beyond_57": [0.030902040122293018, 0.286], "\u2019_60": [0.03481673974306241, 0.21533333333333335], "s_61": [0.02536561709679157, 0.5433333333333333], "reasonable_62": [0.03169857301513413, 0.29533333333333334], "control_63": [0.02366807574407311, 0.508], "these_65": [0.02505531661674751, 0.5453333333333333], "penalties_66": [0.020178920059550003, 0.7813333333333334], "shall_67": [0.027124357097236266, 0.35600000000000004], "shall_81": [0.024468242305771683, 0.6606666666666667], "not_68": [0.028117558658384514, 0.4466666666666667], "apply_69": [0.029306166617672384, 0.47866666666666663], "this_71": [0.02751203706581853, 0.5633333333333334], "agreement_72": [0.02792126987491875, 0.42933333333333334], "governed_74": [0.027799090049003744, 0.4046666666666667], "california_76": [0.035855387767890816, 0.17266666666666666], "law_77": [0.03033590122534938, 0.33666666666666667], "any_79": [0.025894909025797285, 0.5393333333333333], "disputes_80": [0.02728887011731471, 0.4573333333333333], "be_82": [0.04140837048129475, 0.12066666666666666], "resolved_83": [0.025327689440562684, 0.588], "through_84": [0.027011981039287314, 0.442], "binding_85": [0.02109923504384371, 0.7133333333333334], "arbitration_86": [0.02895322972924796, 0.4266666666666667]}