{"Company_0": [0.017839055542359067, 0.36533333333333334], "Company_3": [0.013539909648505854, 0.596], "Company_17": [0.014122675233507001, 0.5599999999999999], "Company_58": [0.012300321586204775, 0.5966666666666667], "A_1": [0.014325248390486026, 0.5833333333333334], "pays_2": [0.027352945562086103, 0.13199999999999998], "B_4": [0.012731409214581465, 0.6726666666666666], "B_18": [0.015383878416326881, 0.4206666666666667], "B_59": [0.012864999286699777, 0.6406666666666667], "$10_5": [0.013709351442910226, 0.572], "million_6": [0.018116490366782437, 0.45933333333333337], "for_7": [0.016862247538599936, 0.48933333333333334], "a_8": [0.010446091074516774, 0.7886666666666667], "a_22": [0.015440725039586644, 0.6366666666666667], "revolutionary_9": [0.017070011787515233, 0.4026666666666667], "AI_10": [0.0297738783203758, 0.14133333333333334], "software_11": [0.02177757132941342, 0.32], "within_12": [0.013233039100236516, 0.5379999999999999], "12_13": [0.013340400098765285, 0.5226666666666667], "months_14": [0.01555294059911979, 0.278], "months_43": [0.01510806928508564, 0.6326666666666667], "._15": [0.013612570443660536, 0.626], "._47": [0.01171472524771597, 0.66], "._70": [0.01818368058378965, 0.4066666666666667], "._87": [0.014513816561694905, 0.5973333333333333], "If_16": [0.013666295539850807, 0.774], "fails_19": [0.013429857475685444, 0.414], "to_20": [0.01755821467634303, 0.5846666666666667], "to_55": [0.010790429263238569, 0.7200000000000001], "deliver_21": [0.01299667048110352, 0.6499999999999999], "fully_23": [0.013250688117073686, 0.6646666666666666], "functional_24": [0.013239810799600538, 0.6666666666666666], "product_25": [0.011627574064360954, 0.62], "by_26": [0.016066727304344264, 0.4333333333333333], "by_75": [0.012609741397035796, 0.602], "the_27": [0.011527414046621701, 0.7846666666666667], "the_36": [0.011988198340086234, 0.7120000000000001], "the_51": [0.015423018192384367, 0.684], "deadline_28": [0.01257535095381454, 0.8733333333333334], ",_29": [0.014174115278267825, 0.614], ",_49": [0.011652321481350337, 0.7806666666666667], ",_64": [0.013759712981823422, 0.7439999999999999], "they_30": [0.01071177660274255, 0.7773333333333334], "must_31": [0.01380987597634178, 0.5593333333333333], "refund_32": [0.01925996112179933, 0.35400000000000004], "50_33": [0.015050585971208662, 0.46799999999999997], "%_34": [0.014525826637934383, 0.5666666666666667], "of_35": [0.014554668031784651, 0.36466666666666664], "of_44": [0.01645429417726444, 0.5880000000000001], "payment_37": [0.017327038153696746, 0.3786666666666667], "and_38": [0.014920675049747456, 0.5020000000000001], "and_78": [0.012869366868454385, 0.7506666666666666], "provide_39": [0.011910399520007236, 0.6486666666666667], "an_40": [0.015603682372395436, 0.574], "additional_41": [0.012586635654112915, 0.7026666666666667], "3_42": [0.014405489024882723, 0.5619999999999999], "development_45": [0.018068176386103075, 0.3786666666666667], "free_46": [0.015874359571851068, 0.37733333333333335], "However_48": [0.011377984756441445, 0.668], "if_50": [0.014562356685198749, 0.5946666666666667], "delay_52": [0.016485382197209294, 0.43533333333333335], "is_53": [0.015768480350110064, 0.5259999999999999], "is_73": [0.012204838098884445, 0.6793333333333335], "due_54": [0.012712462195502037, 0.782], "circumstances_56": [0.010338286248388848, 1.0], "beyond_57": [0.016304109353465348, 0.5173333333333333], "\u2019_60": [0.014619790144811393, 0.3626666666666667], "s_61": [0.012200001853768024, 0.6433333333333333], "reasonable_62": [0.01640660638225976, 0.35333333333333333], "control_63": [0.013163907709431655, 0.5599999999999999], "these_65": [0.011914662475824506, 0.5606666666666666], "penalties_66": [0.013843852320852454, 0.6593333333333334], "shall_67": [0.01299648788639129, 0.5746666666666668], "shall_81": [0.017332919185417836, 0.59], "not_68": [0.012803014119717073, 0.6493333333333333], "apply_69": [0.013004857234138684, 0.6786666666666666], "This_71": [0.012098321448741832, 0.7873333333333333], "agreement_72": [0.014071503442177077, 0.506], "governed_74": [0.015131355093896908, 0.6413333333333334], "California_76": [0.020464470550430675, 0.31999999999999995], "law_77": [0.015433831242081017, 0.5640000000000001], "any_79": [0.012099666362944331, 0.7680000000000001], "disputes_80": [0.013485986342942747, 0.6413333333333333], "be_82": [0.012768696167864543, 0.6353333333333334], "resolved_83": [0.014769399580625614, 0.5393333333333333], "through_84": [0.01090630186764586, 0.9753333333333334], "binding_85": [0.018741245034026483, 0.434], "arbitration_86": [0.014022282357630632, 0.41733333333333333]}