{"Company_0": [0.030911748014542734, 0.17866666666666667], "Company_3": [0.03095701626284029, 0.292], "Company_17": [0.027425054444043067, 0.37733333333333335], "Company_58": [0.027087371169100618, 0.3866666666666667], "pays_2": [0.03210435506264226, 0.304], "B_4": [0.024624453587942383, 0.38066666666666665], "B_18": [0.022978971589068694, 0.4413333333333333], "B_59": [0.03480970575850506, 0.19200000000000003], "million_6": [0.041774928171062466, 0.08133333333333333], "for_7": [0.03186349896905835, 0.15066666666666664], "revolutionary_9": [0.02918404365221521, 0.306], "AI_10": [0.054686023909217486, 0.13999999999999999], "software_11": [0.030518609859110143, 0.2733333333333333], "within_12": [0.021165809199277342, 0.6573333333333333], "months_14": [0.022938151401687378, 0.41333333333333333], "months_43": [0.03082732809683214, 0.16466666666666666], "If_16": [0.024056014397413523, 0.4606666666666666], "fails_19": [0.018252824994272585, 0.5626666666666666], "deliver_21": [0.02756789581406055, 0.37200000000000005], "fully_23": [0.01587412580311315, 0.952], "functional_24": [0.028485743968123214, 0.2193333333333333], "product_25": [0.021618112233382086, 0.544], "by_26": [0.021440447070074295, 0.59], "by_75": [0.01790239572791891, 0.63], "the_27": [0.02794716178788571, 0.4386666666666666], "the_36": [0.03101567490945251, 0.5139999999999999], "the_51": [0.024797090247779253, 0.522], "deadline_28": [0.01346732599500817, 0.9620000000000001], "they_30": [0.027772755288978223, 0.306], "must_31": [0.01820711591312174, 0.7813333333333333], "refund_32": [0.030565124859823777, 0.25533333333333336], "%_34": [0.020896746487203466, 0.6646666666666667], "payment_37": [0.019717684576702695, 0.6873333333333332], "provide_39": [0.03476953014712624, 0.23866666666666667], "an_40": [0.023498002266189533, 0.5333333333333333], "additional_41": [0.0259337066261895, 0.6626666666666666], "3_42": [0.026776726454637762, 0.418], "development_45": [0.02472581734552173, 0.5579999999999999], "free_46": [0.02468755154111431, 0.4606666666666667], "However_48": [0.02534542466217166, 0.39799999999999996], "if_50": [0.022508907945697387, 0.5706666666666667], "delay_52": [0.032954390618085055, 0.2353333333333333], "is_53": [0.022625474370174203, 0.4566666666666667], "is_73": [0.018172530803030145, 0.7186666666666667], "due_54": [0.017680759650745257, 0.7359999999999999], "circumstances_56": [0.016268326247004763, 0.8833333333333333], "beyond_57": [0.02742656092116444, 0.38999999999999996], "s_61": [0.02542706934439111, 0.5353333333333333], "reasonable_62": [0.029089647100229526, 0.4106666666666667], "control_63": [0.037307795568867, 0.08933333333333333], "these_65": [0.032366554258553205, 0.4633333333333333], "penalties_66": [0.024921572926711554, 0.48733333333333334], "shall_67": [0.028125693860916023, 0.38600000000000007], "shall_81": [0.025117288436034963, 0.6193333333333334], "not_68": [0.015252927994995178, 0.8046666666666665], "apply_69": [0.026940765474724643, 0.262], "This_71": [0.021626032107082558, 0.508], "agreement_72": [0.031444697314159976, 0.25866666666666666], "governed_74": [0.02236835029710783, 0.3566666666666667], "California_76": [0.03563139445670229, 0.154], "law_77": [0.029129295116841435, 0.264], "any_79": [0.021262929011957952, 0.6753333333333332], "disputes_80": [0.0193293406260335, 0.722], "be_82": [0.02456533830979828, 0.556], "resolved_83": [0.025214223021219163, 0.36200000000000004], "through_84": [0.02478796415291253, 0.522], "binding_85": [0.034058004025235296, 0.3453333333333333], "arbitration_86": [0.028088335811900428, 0.3459999999999999]}