{"Company_0": [0.039833513602422765, 0.5006666666666667], "Company_3": [0.04146345370962943, 0.49066666666666664], "Company_17": [0.04004562225995994, 0.4586666666666666], "Company_58": [0.03311872275492064, 0.734], "A_1": [0.03688383834507833, 0.4366666666666667], "pays_2": [0.039774758779020085, 0.634], "B_4": [0.03783441930017256, 0.608], "B_18": [0.04099739990352678, 0.4726666666666666], "B_59": [0.03636489759489755, 0.508], "$10_5": [0.040820593621326846, 0.37933333333333336], "million_6": [0.046545261281133586, 0.40199999999999997], "for_7": [0.03558864038315975, 0.6533333333333333], "a_8": [0.04260160133308019, 0.39799999999999996], "a_22": [0.0453553348882838, 0.482], "revolutionary_9": [0.041945371023200055, 0.20799999999999996], "AI_10": [0.05552558863117249, 0.07466666666666667], "software_11": [0.037456051406303204, 0.4326666666666667], "within_12": [0.039639784351182934, 0.3786666666666667], "12_13": [0.03821203717487892, 0.41133333333333333], "months_14": [0.042521882565503176, 0.40199999999999997], "months_43": [0.03510080516656191, 0.5366666666666666], "._15": [0.04303882884965013, 0.4666666666666666], "._47": [0.04011658220472374, 0.4493333333333333], "._70": [0.03558998385896162, 0.6293333333333333], "._87": [0.03434485729537162, 0.5506666666666667], "If_16": [0.03918534530654944, 0.6960000000000001], "fails_19": [0.0376560336805185, 0.5853333333333334], "to_20": [0.031921053325617114, 0.6506666666666667], "to_55": [0.03750184512788809, 0.452], "deliver_21": [0.04548182446996551, 0.4386666666666667], "fully_23": [0.035976049549352816, 0.6353333333333334], "functional_24": [0.04709096938507212, 0.4466666666666667], "product_25": [0.03370918092112302, 0.6406666666666666], "by_26": [0.036910547998744, 0.5866666666666668], "by_75": [0.039970080141902196, 0.328], "the_27": [0.02977515424471945, 0.694], "the_36": [0.03680040580425365, 0.6906666666666667], "the_51": [0.03613677149792752, 0.628], "deadline_28": [0.0371659203451195, 0.5673333333333334], ",_29": [0.04147295109417929, 0.4386666666666667], ",_49": [0.035443857489754836, 0.6126666666666666], ",_64": [0.033658917786039966, 0.668], "they_30": [0.03196498635116326, 0.7086666666666667], "must_31": [0.03345557367943806, 0.638], "refund_32": [0.05701669781870616, 0.286], "50_33": [0.03777138334676419, 0.45], "%_34": [0.0379473159561887, 0.496], "of_35": [0.03652974543179475, 0.3673333333333333], "of_44": [0.037531004697024806, 0.5493333333333333], "payment_37": [0.034825269979638133, 0.5286666666666666], "and_38": [0.04530724570613524, 0.33666666666666667], "and_78": [0.028140669816176505, 0.9086666666666666], "provide_39": [0.03383416402497067, 0.566], "an_40": [0.04402558864467771, 0.3466666666666667], "additional_41": [0.033316312976899194, 0.7433333333333333], "3_42": [0.035289139861814395, 0.40666666666666673], "development_45": [0.03720165332837269, 0.606], "free_46": [0.03670469960930151, 0.37799999999999995], "However_48": [0.04315483978138606, 0.6033333333333333], "if_50": [0.03130751251058481, 0.714], "delay_52": [0.04370643241915447, 0.43], "is_53": [0.04004688582921279, 0.46], "is_73": [0.03733957896459842, 0.49533333333333335], "due_54": [0.04207593284320746, 0.5426666666666667], "circumstances_56": [0.041121204677680746, 0.5499999999999999], "beyond_57": [0.046885169222408984, 0.3906666666666667], "\u2019_60": [0.044305847299268876, 0.43733333333333335], "s_61": [0.032999187656395125, 0.8093333333333333], "reasonable_62": [0.040664756782363816, 0.36600000000000005], "control_63": [0.03827581757660884, 0.596], "these_65": [0.03430220817494611, 0.7106666666666666], "penalties_66": [0.029000918158868124, 0.6013333333333333], "shall_67": [0.03629986745914249, 0.6193333333333334], "shall_81": [0.03543824998290868, 0.564], "not_68": [0.029050071470807935, 0.7946666666666666], "apply_69": [0.029627027208330645, 0.7386666666666667], "This_71": [0.03513746457878091, 0.584], "agreement_72": [0.040634536420569294, 0.5459999999999999], "governed_74": [0.038746117699330146, 0.3373333333333333], "California_76": [0.04313408906932483, 0.4586666666666666], "law_77": [0.03582693605652168, 0.3953333333333333], "any_79": [0.04017261246807224, 0.664], "disputes_80": [0.03451408102052489, 0.6986666666666667], "be_82": [0.03476942692133722, 0.514], "resolved_83": [0.04171533633514659, 0.44799999999999995], "through_84": [0.037530187307770135, 0.4766666666666666], "binding_85": [0.039124206878284565, 0.5046666666666666], "arbitration_86": [0.040059278691483007, 0.5293333333333333]}