{"Company_0": [0.01977144503762959, 0.162], "Company_3": [0.015602840511014767, 0.6066666666666667], "Company_17": [0.012738639215808081, 0.45133333333333336], "Company_58": [0.013616793308048733, 0.7966666666666667], "A_1": [0.019560400676023906, 0.38999999999999996], "pays_2": [0.01968937639963868, 0.11466666666666665], "B_4": [0.01619661768701969, 0.5586666666666668], "B_18": [0.012409501648749231, 0.5133333333333333], "B_59": [0.024683688589649023, 0.336], "$10_5": [0.01628540339724244, 0.476], "million_6": [0.020068439165025518, 0.24533333333333332], "for_7": [0.018537862681925015, 0.11733333333333335], "a_8": [0.018954563639789635, 0.5780000000000001], "a_22": [0.014241845402250661, 0.6613333333333333], "revolutionary_9": [0.025463111597520096, 0.11399999999999999], "AI_10": [0.03660389961765994, 0.09999999999999999], "software_11": [0.01899303520645519, 0.33666666666666667], "within_12": [0.015962225489360094, 0.5733333333333334], "12_13": [0.014927000971560266, 0.35933333333333334], "months_14": [0.017701571281625358, 0.35533333333333333], "months_43": [0.018623250199217126, 0.20133333333333334], "._15": [0.014815027473812838, 0.3813333333333333], "._47": [0.013929365243162106, 0.37799999999999995], "._70": [0.036940047731471394, 0.22199999999999998], "._87": [0.02215811072336388, 0.39200000000000007], "If_16": [0.01752562793674809, 0.4166666666666667], "fails_19": [0.015707268944109676, 0.48], "to_20": [0.019113493859238828, 0.26666666666666666], "to_55": [0.01612398930481102, 0.33866666666666667], "deliver_21": [0.02146446438360637, 0.33466666666666667], "fully_23": [0.013535734079985836, 0.3806666666666667], "functional_24": [0.014003551105025087, 0.408], "product_25": [0.014733492331390693, 0.43533333333333335], "by_26": [0.015243517384554971, 0.334], "by_75": [0.016882699812745334, 0.5633333333333334], "the_27": [0.013230594633586085, 0.6486666666666667], "the_36": [0.017657800588832408, 0.09133333333333334], "the_51": [0.014631214348678416, 0.308], "deadline_28": [0.017710225168773425, 0.37799999999999995], ",_29": [0.017432974503052645, 0.20533333333333334], ",_49": [0.014489596325840107, 0.308], ",_64": [0.01796434508698429, 0.3326666666666667], "they_30": [0.015066643538324506, 0.4406666666666667], "must_31": [0.014827373520945007, 0.5553333333333333], "refund_32": [0.018318924327096715, 0.18866666666666668], "50_33": [0.021775898807543048, 0.3026666666666667], "%_34": [0.012816232834330171, 0.5193333333333333], "of_35": [0.014967714229438938, 0.5073333333333333], "of_44": [0.015394410457439911, 0.41533333333333333], "payment_37": [0.014731652056711878, 0.5066666666666667], "and_38": [0.01874597684084158, 0.306], "and_78": [0.016215029302312074, 0.5466666666666666], "provide_39": [0.014343313488187036, 0.35600000000000004], "an_40": [0.01291071873860733, 0.6493333333333333], "additional_41": [0.014334498683058897, 0.6406666666666667], "3_42": [0.017829582647936115, 0.30933333333333335], "development_45": [0.018851555119264906, 0.08933333333333333], "free_46": [0.015426548278360172, 0.55], "However_48": [0.020454865200777207, 0.20533333333333334], "if_50": [0.013246805315279652, 0.7073333333333333], "delay_52": [0.015446160232376353, 0.37799999999999995], "is_53": [0.017921919275253297, 0.18666666666666665], "is_73": [0.013591184722936326, 0.286], "due_54": [0.015090317660887335, 0.32199999999999995], "circumstances_56": [0.013959064795686484, 0.6859999999999999], "beyond_57": [0.011827382571910591, 0.6186666666666666], "\u2019_60": [0.015356844016856247, 0.4706666666666666], "s_61": [0.014048580732835181, 0.4573333333333333], "reasonable_62": [0.014150333266296848, 0.5473333333333333], "control_63": [0.01577702011947563, 0.566], "these_65": [0.015614418182870418, 0.4466666666666667], "penalties_66": [0.016037126533896055, 0.44799999999999995], "shall_67": [0.021753244678432374, 0.26933333333333337], "shall_81": [0.0167371756927347, 0.4126666666666667], "not_68": [0.01362451960360988, 0.7173333333333334], "apply_69": [0.01364079909536117, 0.3553333333333333], "This_71": [0.01320157451885771, 0.4686666666666666], "agreement_72": [0.026044908950799316, 0.3413333333333333], "governed_74": [0.013790368275131382, 0.47866666666666663], "California_76": [0.01783520672476591, 0.36066666666666664], "law_77": [0.013886660166518747, 0.6373333333333333], "any_79": [0.018659762016772094, 0.2906666666666667], "disputes_80": [0.01570192057880948, 0.40066666666666667], "be_82": [0.016604429624187, 0.5473333333333333], "resolved_83": [0.013505556140166542, 0.5966666666666667], "through_84": [0.015718409655513802, 0.6473333333333333], "binding_85": [0.01491867763619914, 0.5333333333333333], "arbitration_86": [0.013789889062871796, 0.586]}