{"a_0": [0.004289632790271343, 0.5720000000000001], "senior_1": [0.013484385715368247, 0.02733333333333333], "executive_2": [0.014772688919926016, 0.007333333333333333], "is_3": [0.012707588051378872, 0.0485], "accused_4": [0.008250086076690555, 0.12133333333333333], "of_5": [0.0055622383242688485, 0.36500000000000005], "insider_6": [0.019131464548801252, 0.027333333333333334], "trading_7": [0.024362081957362624, 0.0006666666666666666], ",_8": [0.006373943603525216, 0.3373333333333333], ",_24": [0.003798721113075209, 0.5866666666666667], "allegedly_9": [0.012779153628654784, 0.016666666666666666], "using_10": [0.005898546982790468, 0.3025], "confidential_11": [0.0065664209163688965, 0.21133333333333335], "information_12": [0.005170001131479018, 0.466], "to_13": [0.005863983282438302, 0.4405], "gain_14": [0.004207410149404514, 0.5553333333333333], "substantial_15": [0.00533943514365819, 0.312], "financial_16": [0.0041407973014114365, 0.534], "benefits_17": [0.0030815444504588285, 0.7733333333333334], "._18": [0.005929183306590906, 0.39066666666666666], "._35": [0.004459125452976141, 0.39999999999999997], "the_19": [0.005676389500451964, 0.2846666666666667], "defendant_20": [0.010652333589653028, 0.05466666666666666], "maintains_21": [0.0054134199644412795, 0.332], "his_22": [0.004668205683466632, 0.5213333333333333], "innocence_23": [0.006313296336121589, 0.2833333333333333], "claiming_25": [0.0041499300519244955, 0.5366666666666667], "that_26": [0.007444932358283164, 0.17466666666666666], "all_27": [0.004201817614122881, 0.524], "investment_28": [0.007317596628195341, 0.17133333333333334], "decisions_29": [0.0037991473997879854, 0.5666666666666667], "were_30": [0.005605950592046431, 0.318], "based_31": [0.003946355013057309, 0.5870000000000001], "on_32": [0.00339378852593703, 0.7150000000000001], "public_33": [0.00762118840624119, 0.15133333333333335], "data_34": [0.006276893488184295, 0.2913333333333334]}