{"a_0": [0.009326582317731468, 0.12533333333333332], "senior_1": [0.00860988731073349, 0.07933333333333333], "executive_2": [0.016811491500980536, 0.0006666666666666666], "is_3": [0.008023079874574799, 0.318], "accused_4": [0.00686257699295022, 0.216], "of_5": [0.007432089230546149, 0.2355], "insider_6": [0.00941981125741522, 0.046000000000000006], "trading_7": [0.008719415087405745, 0.13533333333333333], ",_8": [0.0068269883486616985, 0.16333333333333333], ",_24": [0.00507418634863237, 0.5233333333333333], "allegedly_9": [0.00717314038965567, 0.156], "using_10": [0.01049318620485988, 0.032], "confidential_11": [0.00490398972058619, 0.59], "information_12": [0.005003875997168683, 0.636], "to_13": [0.012090422148087915, 0.1805], "gain_14": [0.005006706529187134, 0.6126666666666667], "substantial_15": [0.0061524887392641935, 0.36400000000000005], "financial_16": [0.0064389138677471355, 0.34800000000000003], "benefits_17": [0.006002028928358059, 0.3626666666666667], "._18": [0.009325868797871081, 0.27133333333333337], "._35": [0.013753107019524794, 0.17800000000000002], "the_19": [0.008664157882501487, 0.19866666666666666], "defendant_20": [0.00729017888629582, 0.13999999999999999], "maintains_21": [0.006021868623840722, 0.3186666666666667], "his_22": [0.008345619500038594, 0.09200000000000001], "innocence_23": [0.00892333910544383, 0.18066666666666667], "claiming_25": [0.006717991890068674, 0.49866666666666665], "that_26": [0.014041459493758643, 0.12466666666666666], "all_27": [0.035195761822376916, 0.168], "investment_28": [0.006225038124487848, 0.3313333333333333], "decisions_29": [0.007236184935315047, 0.084], "were_30": [0.005226621062294781, 0.58], "based_31": [0.004746531612209557, 0.6319999999999999], "on_32": [0.012139432984406007, 0.258], "public_33": [0.006200064912358601, 0.4180000000000001], "data_34": [0.0054037194009065636, 0.4486666666666667]}