{"Company_0": [0.1537148344562045, 0.328], "Company_3": [0.132688806506765, 0.48066666666666674], "Company_17": [0.13485366158902246, 0.536], "Company_58": [0.12799847758904637, 0.5926666666666667], "A_1": [0.13726923033690352, 0.4506666666666667], "pays_2": [0.1916207122408277, 0.09400000000000001], "B_4": [0.1304952089761541, 0.6], "B_18": [0.14047497936083117, 0.4746666666666666], "B_59": [0.1300077275002204, 0.54], "$10_5": [0.13481385693994322, 0.5313333333333333], "million_6": [0.15419616752744242, 0.39199999999999996], "for_7": [0.1468906534113008, 0.4593333333333333], "a_8": [0.11483965654577533, 0.7719999999999999], "a_22": [0.13592322736552134, 0.6919999999999998], "revolutionary_9": [0.14937989520853479, 0.3453333333333333], "AI_10": [0.20465904242105384, 0.11599999999999999], "software_11": [0.1672268567185057, 0.26733333333333337], "within_12": [0.13175283724602407, 0.5346666666666667], "12_13": [0.13353708549997964, 0.5486666666666666], "months_14": [0.14332894696855678, 0.26266666666666666], "months_43": [0.13841910103841876, 0.59], "._15": [0.1326363864551911, 0.6446666666666667], "._47": [0.12382261213796382, 0.6133333333333333], "._70": [0.1542191312383179, 0.38799999999999996], "._87": [0.13842128588667646, 0.5853333333333334], "If_16": [0.1307795025868085, 0.7519999999999999], "fails_19": [0.13271016113544223, 0.42133333333333334], "to_20": [0.1505516414985778, 0.5419999999999999], "to_55": [0.11797643423659039, 0.8039999999999999], "deliver_21": [0.13154640143361665, 0.6086666666666667], "fully_23": [0.13043327477729827, 0.6453333333333333], "functional_24": [0.13015514230664968, 0.6913333333333332], "product_25": [0.1251987115720278, 0.6286666666666667], "by_26": [0.14465712756171406, 0.41333333333333333], "by_75": [0.12840918889366754, 0.5373333333333333], "the_27": [0.12463702302606601, 0.7306666666666667], "the_36": [0.12585771850336855, 0.7319999999999999], "the_51": [0.13885424623821652, 0.6153333333333334], "deadline_28": [0.1287834092748896, 0.8180000000000001], ",_29": [0.13530276736822883, 0.5986666666666667], ",_49": [0.12448497757012844, 0.7799999999999999], ",_64": [0.1308430038184808, 0.7840000000000001], "they_30": [0.11898075296819326, 0.766], "must_31": [0.13192301291638217, 0.6266666666666667], "refund_32": [0.1585352789774435, 0.36733333333333335], "50_33": [0.1404120561405323, 0.4886666666666666], "%_34": [0.1367155928669662, 0.5586666666666666], "of_35": [0.13836871972643447, 0.3706666666666667], "of_44": [0.14303335395845113, 0.612], "payment_37": [0.1510306673552614, 0.2973333333333333], "and_38": [0.13843367706012907, 0.5073333333333333], "and_78": [0.12847081459963716, 0.754], "provide_39": [0.12507986365368895, 0.6593333333333333], "an_40": [0.14235256780145414, 0.47666666666666674], "additional_41": [0.1275946902507648, 0.668], "3_42": [0.13856038821197664, 0.5313333333333333], "development_45": [0.15189212605771654, 0.45199999999999996], "free_46": [0.1420337668604584, 0.48733333333333323], "However_48": [0.1215522807214362, 0.7133333333333334], "if_50": [0.13855171090362292, 0.5613333333333334], "delay_52": [0.1458075907243995, 0.3946666666666667], "is_53": [0.14278004389670837, 0.598], "is_73": [0.12393726039435848, 0.6486666666666666], "due_54": [0.12739181812883574, 0.8013333333333333], "circumstances_56": [0.11633984865586405, 0.9426666666666668], "beyond_57": [0.14370505715323545, 0.5513333333333333], "\u2019_60": [0.140908481688513, 0.2833333333333333], "s_61": [0.12639677987055015, 0.652], "reasonable_62": [0.1456173972280799, 0.3486666666666667], "control_63": [0.13178366936091157, 0.498], "these_65": [0.1250202609728419, 0.6066666666666666], "penalties_66": [0.1350895767981387, 0.6366666666666667], "shall_67": [0.12925561539307903, 0.598], "shall_81": [0.14727989444283787, 0.6006666666666667], "not_68": [0.12637207158581976, 0.6960000000000001], "apply_69": [0.12739971635425293, 0.6886666666666666], "This_71": [0.12393249568971715, 0.7713333333333333], "agreement_72": [0.1345424590283183, 0.45], "governed_74": [0.13978593120668556, 0.6153333333333334], "California_76": [0.1614376622569775, 0.30333333333333334], "law_77": [0.13927121763925723, 0.5246666666666666], "any_79": [0.12249151650482244, 0.7679999999999999], "disputes_80": [0.13192339841201386, 0.5973333333333334], "be_82": [0.12824727352339313, 0.71], "resolved_83": [0.13744103744517736, 0.48266666666666663], "through_84": [0.12109988665763238, 0.8886666666666666], "binding_85": [0.15425831547730343, 0.4546666666666667], "arbitration_86": [0.1363219849178174, 0.44733333333333336]}