{"Company_0": [0.20431862780989488, 0.17], "Company_3": [0.2035165679251482, 0.2793333333333334], "Company_17": [0.19022440194439838, 0.3846666666666667], "Company_58": [0.18860333153445227, 0.4126666666666667], "pays_2": [0.20581862106481374, 0.2633333333333333], "B_4": [0.17996907482645538, 0.36799999999999994], "B_18": [0.1728188409461562, 0.46399999999999997], "B_59": [0.2164984549900966, 0.21599999999999997], "million_6": [0.24284899062956158, 0.082], "for_7": [0.20822665296611356, 0.10933333333333334], "revolutionary_9": [0.19874045842740262, 0.266], "AI_10": [0.28694820218960077, 0.11533333333333334], "software_11": [0.20409287561699965, 0.19933333333333336], "within_12": [0.1682804775273871, 0.5366666666666666], "months_14": [0.1726815802978412, 0.43], "months_43": [0.20426574819568877, 0.17200000000000001], "If_16": [0.17919862078747406, 0.446], "fails_19": [0.12778597284850862, 0.5686666666666667], "deliver_21": [0.1913186031570887, 0.35333333333333333], "fully_23": [0.14637443348509202, 0.8913333333333333], "functional_24": [0.19431907684239422, 0.25333333333333335], "product_25": [0.16951788602636375, 0.5526666666666666], "by_26": [0.16531318754921517, 0.6126666666666667], "by_75": [0.15419745261265017, 0.602], "the_27": [0.18943103996159386, 0.5206666666666666], "the_36": [0.20342251256411484, 0.49466666666666664], "the_51": [0.1824526604617689, 0.5660000000000001], "deadline_28": [0.13804714411796948, 0.91], "they_30": [0.19075934768604785, 0.332], "must_31": [0.15505314866969017, 0.786], "refund_32": [0.20228976100840831, 0.24066666666666667], "%_34": [0.16459564646655386, 0.5646666666666667], "payment_37": [0.15987027166714707, 0.626], "provide_39": [0.2196842391143318, 0.14133333333333334], "an_40": [0.1759400911822527, 0.5806666666666667], "additional_41": [0.18065551125669008, 0.6513333333333333], "3_42": [0.1869027071489815, 0.3913333333333333], "development_45": [0.18086865245456077, 0.5666666666666667], "free_46": [0.18051880412817126, 0.4226666666666667], "However_48": [0.18121823353256208, 0.4046666666666667], "if_50": [0.16928921148240184, 0.668], "delay_52": [0.21065339821081416, 0.19333333333333336], "is_53": [0.1711770846696542, 0.47800000000000004], "is_73": [0.15392407503845354, 0.6246666666666667], "due_54": [0.15230447351875925, 0.7693333333333334], "circumstances_56": [0.14668291757815602, 0.8866666666666667], "beyond_57": [0.18924048426269532, 0.4026666666666667], "s_61": [0.18244319812676726, 0.5386666666666667], "reasonable_62": [0.1953697354607792, 0.39399999999999996], "control_63": [0.22828014065146293, 0.12333333333333334], "these_65": [0.20892991859770849, 0.466], "penalties_66": [0.1774749420993231, 0.5426666666666667], "shall_67": [0.18937422278813354, 0.4426666666666666], "shall_81": [0.18332305502917692, 0.6166666666666667], "not_68": [0.11314015013628348, 0.7799999999999999], "apply_69": [0.1868567050559248, 0.3499999999999999], "This_71": [0.1688017801006738, 0.5746666666666667], "agreement_72": [0.20412609924813108, 0.2853333333333334], "governed_74": [0.16955252725736014, 0.35000000000000003], "California_76": [0.22283628783732037, 0.16133333333333333], "law_77": [0.19774218606065042, 0.25333333333333335], "any_79": [0.16681373976665095, 0.7066666666666667], "disputes_80": [0.15892051693905518, 0.7686666666666667], "be_82": [0.1798511497098992, 0.5473333333333333], "resolved_83": [0.1828743198154067, 0.39466666666666667], "through_84": [0.17884708452848108, 0.492], "binding_85": [0.21282692631114064, 0.314], "arbitration_86": [0.19227226038457645, 0.3]}