{"Company_0": [0.1663559497737747, 0.11333333333333334], "Company_3": [0.10910096414240189, 0.10866666666666665], "Company_17": [0.08961447455025225, 0.09933333333333333], "Company_58": [0.05583565933562649, 0.09666666666666666], "A_1": [0.10495394176565903, 0.09999999999999999], "pays_2": [0.15008723492019863, 0.108], "B_4": [0.10386136137816797, 0.09866666666666667], "B_18": [0.08034593384846515, 0.09733333333333333], "B_59": [0.04702508717715193, 0.09933333333333333], "$10_5": [0.10890606107623357, 0.09999999999999999], "million_6": [0.1333967973958935, 0.10733333333333334], "for_7": [0.0909064420496994, 0.09000000000000001], "a_8": [0.06262750714382641, 0.09933333333333333], "a_22": [0.025264098021331532, 0.09466666666666668], "revolutionary_9": [0.1990765683133594, 0.09933333333333333], "AI_10": [0.2657347407803012, 0.10866666666666668], "software_11": [0.1489882483676399, 0.11599999999999999], "within_12": [0.0666996293667962, 0.08333333333333333], "12_13": [0.1022034682788799, 0.104], "months_14": [0.11071623997845133, 0.10333333333333333], "months_43": [0.100593759554651, 0.09800000000000002], "._15": [0.05800476634053173, 0.10533333333333333], "._47": [0.04549822872878422, 0.09666666666666666], "._70": [0.036439945189597756, 0.09866666666666668], "._87": [0.07206508433736236, 0.09533333333333334], "If_16": [0.0994366341058872, 0.09133333333333334], "fails_19": [0.06993842310519006, 0.38666666666666666], "to_20": [0.04648736499677238, 0.11066666666666668], "to_55": [0.02442092896960772, 0.10799999999999998], "deliver_21": [0.09904698577017494, 0.08866666666666667], "fully_23": [0.028391901759230776, 0.11399999999999999], "functional_24": [0.05749522319038916, 0.09533333333333334], "product_25": [0.09905359618395158, 0.09533333333333333], "by_26": [0.028689671820817525, 0.09933333333333333], "by_75": [0.02854895749444042, 0.10733333333333334], "the_27": [0.026362854801411168, 0.09466666666666668], "the_36": [0.01968674739202619, 0.10666666666666667], "the_51": [0.03383978255942421, 0.09933333333333334], "deadline_28": [0.10684571443224793, 0.09666666666666666], ",_29": [0.033611211334660225, 0.09666666666666666], ",_49": [0.02648289180630825, 0.09866666666666668], ",_64": [0.03365179062892129, 0.08866666666666667], "they_30": [0.04527609502356203, 0.10266666666666667], "must_31": [0.07158992648172065, 0.10866666666666668], "refund_32": [0.17738818571052142, 0.09400000000000001], "50_33": [0.11064440822639088, 0.11066666666666665], "%_34": [0.05895666423973609, 0.10666666666666665], "of_35": [0.024762344041174028, 0.106], "of_44": [0.033210286670248605, 0.11533333333333333], "payment_37": [0.061204004750406986, 0.09800000000000002], "and_38": [0.028561516873458342, 0.10533333333333333], "and_78": [0.027894690398216404, 0.09933333333333334], "provide_39": [0.03201480157065234, 0.09866666666666667], "an_40": [0.026558031551823003, 0.10866666666666668], "additional_41": [0.04024366071481807, 0.106], "3_42": [0.07078980094061744, 0.09599999999999999], "development_45": [0.14403210944940018, 0.10333333333333333], "free_46": [0.07096618379216166, 0.09799999999999999], "However_48": [0.06502601126578345, 0.102], "if_50": [0.04707579630971618, 0.10466666666666667], "delay_52": [0.1586606268681492, 0.10133333333333333], "is_53": [0.022308716450832673, 0.09733333333333334], "is_73": [0.03281702815534483, 0.102], "due_54": [0.057259215281630325, 0.104], "circumstances_56": [0.058004806088915194, 0.09799999999999999], "beyond_57": [0.03983290015610427, 0.08466666666666667], "\u2019_60": [0.0714848229298611, 0.11399999999999999], "s_61": [0.0541351770051664, 0.09733333333333334], "reasonable_62": [0.08408454982328391, 0.10466666666666667], "control_63": [0.08821520201994508, 0.11533333333333333], "these_65": [0.03376031748968066, 0.08533333333333333], "penalties_66": [0.09086013230302516, 0.08600000000000001], "shall_67": [0.06250685432023854, 0.10266666666666667], "shall_81": [0.019383366042738506, 0.09733333333333333], "not_68": [0.03920614694290905, 0.38999999999999996], "apply_69": [0.04842671058270662, 0.10066666666666667], "This_71": [0.057696235179435194, 0.10666666666666667], "agreement_72": [0.0978730048241863, 0.104], "governed_74": [0.05114361666224104, 0.10333333333333333], "California_76": [0.1877921467278539, 0.102], "law_77": [0.0537134858855032, 0.09666666666666668], "any_79": [0.019043011437180027, 0.09600000000000002], "disputes_80": [0.03464492048191263, 0.09466666666666668], "be_82": [0.017670186203983362, 0.10733333333333332], "resolved_83": [0.013895082790317198, 0.08866666666666667], "through_84": [0.01178368126288735, 0.10466666666666667], "binding_85": [0.07342865263411935, 0.10733333333333334], "arbitration_86": [0.09343887080498599, 0.09733333333333333]}