{"Company_0": [0.22893507061591126, 0.48466666666666663], "Company_3": [0.23062835560245878, 0.4613333333333333], "Company_17": [0.22729263764595362, 0.4146666666666667], "Company_58": [0.20152235523480866, 0.7466666666666667], "A_1": [0.21987927920635067, 0.462], "pays_2": [0.22848323018666747, 0.6426666666666666], "B_4": [0.2203447895204027, 0.6153333333333333], "B_18": [0.23063210538794285, 0.448], "B_59": [0.21841495981035253, 0.5299999999999999], "$10_5": [0.23463316759786337, 0.3546666666666667], "million_6": [0.24472845608332486, 0.39066666666666666], "for_7": [0.21461227265790386, 0.6666666666666666], "a_8": [0.24241918319854205, 0.3413333333333333], "a_22": [0.24343799686141585, 0.38000000000000006], "revolutionary_9": [0.23663160127952623, 0.2293333333333333], "AI_10": [0.2810621263545522, 0.08133333333333333], "software_11": [0.2245394554883132, 0.41266666666666674], "within_12": [0.2316436100755872, 0.28400000000000003], "12_13": [0.22306584581918695, 0.4546666666666666], "months_14": [0.23901962182087466, 0.36599999999999994], "months_43": [0.21120371983021466, 0.5133333333333333], "._15": [0.2364768435403998, 0.49533333333333335], "._47": [0.2299289116528067, 0.3473333333333333], "._70": [0.21527217600490411, 0.6859999999999999], "._87": [0.21237483600630735, 0.4166666666666667], "If_16": [0.22132252743603584, 0.7773333333333333], "fails_19": [0.22352603614652142, 0.5206666666666666], "to_20": [0.19789491931087144, 0.6733333333333333], "to_55": [0.2195751473921146, 0.43599999999999994], "deliver_21": [0.24475474408609224, 0.4066666666666667], "fully_23": [0.2178410253570011, 0.5633333333333334], "functional_24": [0.2464605314386615, 0.44], "product_25": [0.20945202046533373, 0.5693333333333334], "by_26": [0.2192855414826513, 0.6646666666666666], "by_75": [0.231964029337017, 0.31266666666666665], "the_27": [0.19627869520871136, 0.7153333333333333], "the_36": [0.21754570453722974, 0.7046666666666667], "the_51": [0.2174679493612098, 0.622], "deadline_28": [0.21693603848128706, 0.5606666666666666], ",_29": [0.23788594338533242, 0.4053333333333333], ",_49": [0.2164570108184409, 0.6286666666666667], ",_64": [0.20602222797277528, 0.65], "they_30": [0.2041792334509849, 0.6906666666666667], "must_31": [0.20639108802632591, 0.6393333333333333], "refund_32": [0.2809919529447011, 0.2786666666666667], "50_33": [0.22429742840123765, 0.43333333333333335], "%_34": [0.22547264289262958, 0.4466666666666666], "of_35": [0.22277996250503762, 0.3], "of_44": [0.2221801530869829, 0.426], "payment_37": [0.2119732072564771, 0.5133333333333333], "and_38": [0.24446197709428966, 0.33466666666666667], "and_78": [0.1895916479841608, 0.8780000000000001], "provide_39": [0.20565932548360485, 0.56], "an_40": [0.2386460917143558, 0.3453333333333333], "additional_41": [0.20461262356627716, 0.7193333333333333], "3_42": [0.21784296367947253, 0.3853333333333333], "development_45": [0.22421363344433967, 0.5459999999999999], "free_46": [0.2171488663084146, 0.432], "However_48": [0.23476759719483845, 0.646], "if_50": [0.20014475551877464, 0.7293333333333333], "delay_52": [0.23950538620460002, 0.38200000000000006], "is_53": [0.2308363350209275, 0.39399999999999996], "is_73": [0.22003134399092172, 0.5546666666666668], "due_54": [0.23577678052519493, 0.4506666666666666], "circumstances_56": [0.23084513323728392, 0.5419999999999999], "beyond_57": [0.24510848340715785, 0.43333333333333335], "\u2019_60": [0.23939518110417649, 0.4446666666666667], "s_61": [0.20640461543000846, 0.762], "reasonable_62": [0.23225859827721876, 0.31], "control_63": [0.22162777098088596, 0.5993333333333334], "these_65": [0.20934695127980785, 0.6893333333333334], "penalties_66": [0.1933265929315967, 0.5553333333333333], "shall_67": [0.21473393298402454, 0.6046666666666667], "shall_81": [0.21676689651072967, 0.494], "not_68": [0.1884383811505261, 0.8273333333333334], "apply_69": [0.19376009656844073, 0.7073333333333333], "This_71": [0.21561231039563103, 0.526], "agreement_72": [0.2313884472476155, 0.5333333333333333], "governed_74": [0.22606370145067445, 0.3153333333333333], "California_76": [0.2388728860302547, 0.4693333333333333], "law_77": [0.21790415444792102, 0.3713333333333333], "any_79": [0.22656519025762267, 0.6973333333333334], "disputes_80": [0.21105173035391664, 0.7626666666666666], "be_82": [0.21485276490089678, 0.4526666666666667], "resolved_83": [0.23822862898478847, 0.41066666666666674], "through_84": [0.22345101561482447, 0.4586666666666667], "binding_85": [0.22327636976586027, 0.5113333333333333], "arbitration_86": [0.2302921978826423, 0.472]}