{"Company_0": [0.1605239233382306, 0.15733333333333333], "Company_3": [0.14187264002325709, 0.5406666666666667], "Company_17": [0.1300324664291348, 0.35400000000000004], "Company_58": [0.13230103783837552, 0.702], "A_1": [0.1551422635839008, 0.37399999999999994], "pays_2": [0.16427184986891133, 0.09066666666666667], "B_4": [0.14672920178537888, 0.5179999999999999], "B_18": [0.12620819118947404, 0.446], "B_59": [0.17412014506364834, 0.36199999999999993], "$10_5": [0.1464970821245607, 0.4526666666666667], "million_6": [0.16327400903997, 0.19866666666666669], "for_7": [0.1583276407981324, 0.13133333333333333], "a_8": [0.1577067608873318, 0.5], "a_22": [0.1363285392322665, 0.6233333333333334], "revolutionary_9": [0.18616965140389383, 0.044000000000000004], "AI_10": [0.2362059025798432, 0.076], "software_11": [0.15690634731735797, 0.23533333333333337], "within_12": [0.14034510689502305, 0.5319999999999999], "12_13": [0.13951858116554164, 0.308], "months_14": [0.14989321662407398, 0.34800000000000003], "months_43": [0.15446347247614764, 0.14533333333333334], "._15": [0.1431394823601644, 0.314], "._47": [0.13638023855829162, 0.3006666666666667], "._70": [0.19730993863181703, 0.2373333333333333], "._87": [0.1684346637259663, 0.38133333333333336], "If_16": [0.14892007838115792, 0.3433333333333333], "fails_19": [0.14094107375113935, 0.48333333333333334], "to_20": [0.15624974408024303, 0.17933333333333334], "to_55": [0.14418124551778638, 0.25066666666666665], "deliver_21": [0.16684669553954734, 0.336], "fully_23": [0.13314127817611732, 0.39866666666666667], "functional_24": [0.13649488155595538, 0.39399999999999996], "product_25": [0.14095114748323412, 0.39866666666666667], "by_26": [0.14008830554142584, 0.3506666666666667], "by_75": [0.1466030978366789, 0.5693333333333334], "the_27": [0.12992496793543018, 0.5433333333333333], "the_36": [0.1527946689773277, 0.04733333333333334], "the_51": [0.1383901379450253, 0.268], "deadline_28": [0.14935739650393057, 0.3913333333333333], ",_29": [0.14881785150239726, 0.21866666666666665], ",_49": [0.13769393078528494, 0.2833333333333333], ",_64": [0.1501808316567519, 0.286], "they_30": [0.1393813849797344, 0.45], "must_31": [0.1368300089980177, 0.54], "refund_32": [0.15640861866530006, 0.2293333333333333], "50_33": [0.1729369174195671, 0.26733333333333337], "%_34": [0.12892342367878198, 0.5073333333333333], "of_35": [0.14093343273437864, 0.45133333333333336], "of_44": [0.1399058528176466, 0.40066666666666667], "payment_37": [0.13942473218008647, 0.4706666666666666], "and_38": [0.15421299192554005, 0.322], "and_78": [0.14557318745897996, 0.4766666666666666], "provide_39": [0.13864866559325367, 0.2966666666666667], "an_40": [0.13108544453326335, 0.5359999999999999], "additional_41": [0.1350891516100529, 0.6066666666666667], "3_42": [0.15233744798096252, 0.2866666666666667], "development_45": [0.16091961662305324, 0.076], "free_46": [0.1418750649274198, 0.5439999999999999], "However_48": [0.16491325866966297, 0.20066666666666666], "if_50": [0.13219429899318116, 0.6346666666666666], "delay_52": [0.1452882086692422, 0.3373333333333333], "is_53": [0.15210497773023232, 0.10466666666666667], "is_73": [0.13239088441086863, 0.24666666666666667], "due_54": [0.14131564754870043, 0.35000000000000003], "circumstances_56": [0.13400314812422073, 0.606], "beyond_57": [0.12453728600319114, 0.5666666666666668], "\u2019_60": [0.14126309711541873, 0.3946666666666667], "s_61": [0.13408170028235136, 0.4426666666666666], "reasonable_62": [0.1347952572472653, 0.49266666666666675], "control_63": [0.14338182476460024, 0.4566666666666667], "these_65": [0.1434937659677454, 0.3786666666666667], "penalties_66": [0.14359762548787272, 0.3953333333333333], "shall_67": [0.16873550867976853, 0.21333333333333335], "shall_81": [0.146053168909037, 0.3233333333333333], "not_68": [0.1333649029746906, 0.6786666666666666], "apply_69": [0.1339813126841095, 0.26333333333333336], "This_71": [0.1316116128955103, 0.39066666666666666], "agreement_72": [0.18536726912633997, 0.29133333333333333], "governed_74": [0.1353997854509259, 0.36800000000000005], "California_76": [0.1544153568533819, 0.246], "law_77": [0.1339109379175777, 0.556], "any_79": [0.15413624056746023, 0.19133333333333333], "disputes_80": [0.1412565183815304, 0.42333333333333334], "be_82": [0.14364381879846996, 0.5599999999999999], "resolved_83": [0.13848149560700432, 0.478], "through_84": [0.1392718537974081, 0.634], "binding_85": [0.1411279452520012, 0.46799999999999997], "arbitration_86": [0.13459876108597682, 0.412]}