{"Company_0": [0.19241025751433694, 0.24733333333333332], "Company_3": [0.19708861197164118, 0.4446666666666667], "Company_17": [0.19551681032552562, 0.6166666666666667], "Company_58": [0.19209041175889197, 0.4286666666666667], "A_1": [0.20539642958561896, 0.4106666666666667], "pays_2": [0.21636291112840422, 0.32266666666666666], "B_4": [0.1920813563682792, 0.6693333333333333], "B_18": [0.19688669157404656, 0.6453333333333333], "B_59": [0.17828706035112962, 0.9046666666666666], "$10_5": [0.18090892547311943, 0.52], "million_6": [0.2057726195362505, 0.634], "for_7": [0.20443477178188418, 0.5113333333333333], "a_8": [0.17687668898201322, 0.44399999999999995], "a_22": [0.16876502435001872, 0.7400000000000001], "revolutionary_9": [0.217689093417794, 0.2333333333333333], "AI_10": [0.22951413034896093, 0.2326666666666667], "software_11": [0.2319091081751424, 0.082], "within_12": [0.17877506797110107, 0.7146666666666667], "12_13": [0.18933050720518393, 0.45133333333333336], "months_14": [0.2158114686959448, 0.278], "months_43": [0.18851126405697857, 0.3146666666666667], "._15": [0.19176990661858198, 0.664], "._47": [0.18265394215048536, 0.8606666666666666], "._70": [0.2050370472715617, 0.616], "._87": [0.18432617138595866, 0.4753333333333334], "If_16": [0.19952119588842546, 0.39133333333333337], "fails_19": [0.17599125642580568, 0.8746666666666667], "to_20": [0.20417865945759092, 0.502], "to_55": [0.2008385191961791, 0.48666666666666664], "deliver_21": [0.2061212632435978, 0.40399999999999997], "fully_23": [0.18853143656250393, 0.674], "functional_24": [0.18942558989540015, 0.5366666666666666], "product_25": [0.2000719659923352, 0.36533333333333334], "by_26": [0.188209641756966, 0.7326666666666667], "by_75": [0.1775975148980452, 0.542], "the_27": [0.17597734081066066, 0.6819999999999999], "the_36": [0.19740601077793163, 0.6226666666666667], "the_51": [0.19212197749254786, 0.312], "deadline_28": [0.18480038740409702, 0.57], ",_29": [0.21420101064253205, 0.45599999999999996], ",_49": [0.1813823061880602, 0.6013333333333333], ",_64": [0.19275463309461727, 0.5313333333333333], "they_30": [0.18522306339022768, 0.5753333333333334], "must_31": [0.20507465724304183, 0.564], "refund_32": [0.22062161020247095, 0.15933333333333333], "50_33": [0.19874258164946904, 0.4046666666666667], "%_34": [0.21217588003316287, 0.35133333333333333], "of_35": [0.1994856439147686, 0.52], "of_44": [0.18552647658756652, 0.6946666666666667], "payment_37": [0.20073303967671588, 0.5833333333333334], "and_38": [0.17369802767092912, 0.7593333333333333], "and_78": [0.1791434146174721, 0.7280000000000001], "provide_39": [0.2194291491261063, 0.4146666666666667], "an_40": [0.17506490605499522, 0.8826666666666667], "additional_41": [0.18103744580328832, 0.6853333333333333], "3_42": [0.19049277858450656, 0.544], "development_45": [0.2113958409444132, 0.6673333333333332], "free_46": [0.20033731697732504, 0.3253333333333333], "However_48": [0.18191159968543388, 0.6713333333333332], "if_50": [0.1909241488092072, 0.6966666666666667], "delay_52": [0.20804285042071882, 0.39133333333333337], "is_53": [0.18464174182369805, 0.5533333333333333], "is_73": [0.19818006807618815, 0.8186666666666667], "due_54": [0.18642250212571485, 0.8046666666666668], "circumstances_56": [0.17369884936911495, 0.838], "beyond_57": [0.18968550472628629, 0.616], "\u2019_60": [0.17282679338348794, 0.5613333333333334], "s_61": [0.21405108806200893, 0.13799999999999998], "reasonable_62": [0.2221546956678079, 0.4093333333333333], "control_63": [0.18660102746674165, 0.41333333333333333], "these_65": [0.1950181164634972, 0.6880000000000001], "penalties_66": [0.20773125487407204, 0.2786666666666666], "shall_67": [0.2226479408247013, 0.3013333333333334], "shall_81": [0.18762635189192697, 0.7766666666666667], "not_68": [0.19442179317353736, 0.48733333333333334], "apply_69": [0.21030592338414764, 0.4486666666666667], "This_71": [0.1923915831887589, 0.3233333333333333], "agreement_72": [0.19489867885570952, 0.48], "governed_74": [0.20121343216042967, 0.434], "California_76": [0.21992568600430226, 0.10333333333333333], "law_77": [0.18705330819620394, 0.6900000000000001], "any_79": [0.1825309638157738, 0.5586666666666666], "disputes_80": [0.17273740431613993, 0.446], "be_82": [0.19035465212728306, 0.48866666666666664], "resolved_83": [0.19754426701268465, 0.7586666666666666], "through_84": [0.2278799894814025, 0.49533333333333335], "binding_85": [0.1876494473635745, 0.7153333333333333], "arbitration_86": [0.20217936532464373, 0.5146666666666667]}