{"company_0": [0.2583451991220879, 0.37399999999999994], "company_3": [0.2439239701958941, 0.5606666666666666], "company_17": [0.2578425850710298, 0.4526666666666667], "company_58": [0.22303881608929, 0.6333333333333333], "a_1": [0.2595067780879046, 0.43333333333333335], "pays_2": [0.2572676292504422, 0.5373333333333333], "b_4": [0.25998013090719124, 0.512], "b_18": [0.23330699651616324, 0.36066666666666664], "b_59": [0.21200895576720105, 0.836], "$10_5": [0.22489874684536026, 0.516], "million_6": [0.2748367553470332, 0.2733333333333333], "for_7": [0.2731550182932405, 0.45533333333333337], "a_8": [0.26212031110927736, 0.494], "a_22": [0.23562636112796018, 0.476], "revolutionary_9": [0.30352193428827917, 0.104], "ai_10": [0.25750396204673615, 0.36933333333333335], "software_11": [0.24489609974712048, 0.5033333333333333], "within_12": [0.2357476850583037, 0.5613333333333332], "12_13": [0.2428802036504607, 0.5466666666666667], "months_14": [0.20282460172297592, 0.73], "months_43": [0.2756212941930731, 0.2873333333333333], "._15": [0.24244382005588838, 0.49733333333333335], "._47": [0.23459762676700993, 0.6626666666666667], "._70": [0.20232245237253488, 0.5613333333333334], "._87": [0.2514891690517999, 0.48533333333333334], "if_16": [0.2317578429736248, 0.5259999999999999], "fails_19": [0.23671524516970524, 0.6813333333333332], "to_20": [0.22686161629534518, 0.7213333333333334], "to_55": [0.2350336359705826, 0.5953333333333334], "deliver_21": [0.2360227441098529, 0.7073333333333333], "fully_23": [0.23421465892114476, 0.49866666666666665], "functional_24": [0.22647685589253785, 0.6473333333333334], "product_25": [0.2644663358624468, 0.42933333333333334], "by_26": [0.26469617679859925, 0.41133333333333333], "by_75": [0.24614759483853935, 0.48066666666666663], "the_27": [0.28447366009028174, 0.19400000000000003], "the_36": [0.21595767616278527, 0.7079999999999999], "the_51": [0.18221588575412798, 0.866], "deadline_28": [0.22359813945393028, 0.7793333333333333], ",_29": [0.22008413129498886, 0.6846666666666666], ",_49": [0.25678489998329085, 0.4333333333333333], ",_64": [0.22438857978534252, 0.6426666666666666], "they_30": [0.23264534279893753, 0.5613333333333334], "must_31": [0.22325724409627049, 0.5840000000000001], "refund_32": [0.2508647498085231, 0.432], "50_33": [0.2477393771065366, 0.5146666666666667], "%_34": [0.2631235031632761, 0.36000000000000004], "of_35": [0.2487724693819883, 0.5366666666666666], "of_44": [0.2511241597496552, 0.47733333333333333], "payment_37": [0.21325323273888083, 0.6773333333333333], "and_38": [0.23666369378483965, 0.618], "and_78": [0.22465657591250773, 0.82], "provide_39": [0.24117087536284942, 0.5993333333333334], "an_40": [0.25802578935044235, 0.49733333333333335], "additional_41": [0.2266410537344816, 0.7593333333333333], "3_42": [0.24038379812388677, 0.592], "development_45": [0.24899024101191372, 0.6493333333333334], "free_46": [0.22728836852970383, 0.5206666666666667], "however_48": [0.290010458208182, 0.24733333333333332], "if_50": [0.2650301090264859, 0.528], "delay_52": [0.23254203436770912, 0.588], "is_53": [0.26156549627142844, 0.5579999999999999], "is_73": [0.2692615171065048, 0.20133333333333334], "due_54": [0.2838007215740486, 0.31], "circumstances_56": [0.28457876664047527, 0.23466666666666666], "beyond_57": [0.2409550870333479, 0.454], "\u2019_60": [0.2664774363709887, 0.5219999999999999], "s_61": [0.20480681760340694, 0.8959999999999999], "reasonable_62": [0.22317729015612608, 0.71], "control_63": [0.1998556911560944, 0.7400000000000001], "these_65": [0.2801002991142207, 0.32466666666666666], "penalties_66": [0.255884775966658, 0.536], "shall_67": [0.23902492692631908, 0.8533333333333332], "shall_81": [0.2920583017180522, 0.17466666666666666], "not_68": [0.2604179070002809, 0.4213333333333333], "apply_69": [0.23772637084177065, 0.41933333333333334], "this_71": [0.21558322302364044, 0.7006666666666668], "agreement_72": [0.29274657071363525, 0.29333333333333333], "governed_74": [0.2499758841793974, 0.6686666666666667], "california_76": [0.27540157031123313, 0.24466666666666667], "law_77": [0.2301223449894004, 0.6146666666666667], "any_79": [0.18747460633382718, 0.9153333333333333], "disputes_80": [0.21510942142574405, 0.8553333333333333], "be_82": [0.2267730234321822, 0.6026666666666667], "resolved_83": [0.22440020553554385, 0.5873333333333334], "through_84": [0.20475722462356263, 0.7346666666666666], "binding_85": [0.22505666585634124, 0.7199999999999999], "arbitration_86": [0.23114126370526408, 0.8266666666666667]}