{"Company_0": [0.25770896617266903, 0.5213333333333333], "Company_3": [0.23946858332424012, 0.5760000000000001], "Company_17": [0.22883645345503112, 0.8193333333333332], "Company_58": [0.24941333077858938, 0.36800000000000005], "pays_2": [0.2244860248477488, 0.864], "B_4": [0.27727857902754915, 0.3713333333333333], "B_18": [0.22217932236993057, 0.8746666666666667], "B_59": [0.24901639818951424, 0.7013333333333334], "million_6": [0.23107530838192503, 0.8086666666666665], "for_7": [0.2637999950242848, 0.506], "revolutionary_9": [0.23687076038800414, 0.9133333333333334], "AI_10": [0.26603297622276806, 0.586], "software_11": [0.24053993468923215, 0.8793333333333333], "within_12": [0.2386600845654374, 0.7413333333333334], "months_14": [0.22941955929687527, 0.8180000000000001], "months_43": [0.2478021201333256, 0.6753333333333332], "If_16": [0.2547161379249374, 0.49266666666666664], "fails_19": [0.22639611411823987, 0.914], "deliver_21": [0.24600889101525478, 0.7846666666666667], "fully_23": [0.22330318322647438, 0.856], "functional_24": [0.23276990052384494, 0.7679999999999999], "product_25": [0.23095385030713947, 0.8073333333333332], "by_26": [0.2367971213347715, 0.6186666666666666], "by_75": [0.23480696482082353, 0.9066666666666666], "the_27": [0.2452442024152728, 0.646], "the_36": [0.24612195570036408, 0.5166666666666667], "the_51": [0.24611018079883987, 0.6153333333333334], "deadline_28": [0.23846083420682818, 0.8733333333333334], "they_30": [0.27376137452700916, 0.5653333333333334], "must_31": [0.24936607946809297, 0.63], "refund_32": [0.23555002971153152, 0.658], "%_34": [0.2600667999631215, 0.594], "payment_37": [0.2372494675596566, 0.658], "provide_39": [0.2359951259417522, 0.6653333333333333], "an_40": [0.23238565278963152, 0.7353333333333335], "additional_41": [0.2488248322801875, 0.7806666666666665], "3_42": [0.2304402774725329, 0.7779999999999999], "development_45": [0.2407710203395608, 0.7046666666666667], "free_46": [0.24802331557825186, 0.5646666666666667], "However_48": [0.2384196292408073, 0.674], "if_50": [0.23058463121055328, 0.8073333333333332], "delay_52": [0.23160064644039913, 0.522], "is_53": [0.24741102957634395, 0.6466666666666666], "is_73": [0.25336473069606025, 0.5593333333333333], "due_54": [0.23262749991239262, 0.6526666666666666], "circumstances_56": [0.24659491805581213, 0.7733333333333334], "beyond_57": [0.26120994575108697, 0.7133333333333333], "s_61": [0.22732442995992322, 0.876], "reasonable_62": [0.2614949166287322, 0.5413333333333333], "control_63": [0.24767766098022684, 0.604], "these_65": [0.2308993761302118, 0.84], "penalties_66": [0.22762114035828587, 0.8526666666666666], "shall_67": [0.22293038392780148, 0.8613333333333334], "shall_81": [0.22348645360655814, 0.9966666666666667], "not_68": [0.2320575751848252, 0.762], "apply_69": [0.2391685890134159, 0.7440000000000001], "This_71": [0.22993850413793604, 0.7906666666666666], "agreement_72": [0.22208659458540372, 0.9373333333333335], "governed_74": [0.23644610431951044, 0.7486666666666667], "California_76": [0.2659415778974399, 0.36466666666666664], "law_77": [0.21470173206482324, 0.8793333333333333], "any_79": [0.26975888182236013, 0.458], "disputes_80": [0.24746678950087997, 0.63], "be_82": [0.31507987165118484, 0.19933333333333333], "resolved_83": [0.2535678261200551, 0.4833333333333334], "through_84": [0.23683191947099022, 0.7720000000000001], "binding_85": [0.2695895367216112, 0.482], "arbitration_86": [0.2379854541876635, 0.7719999999999999]}