{"Company_0": [0.02786853039776058, 0.3133333333333333], "Company_3": [0.02957134726827766, 0.49], "Company_17": [0.030440062928578693, 0.7093333333333334], "Company_58": [0.027650194035862708, 0.5006666666666667], "A_1": [0.032633235001530335, 0.5146666666666667], "pays_2": [0.03521838942268498, 0.292], "B_4": [0.028880267128031833, 0.5866666666666667], "B_18": [0.029315655648644256, 0.66], "B_59": [0.024416766283821657, 0.9073333333333333], "$10_5": [0.024942656981155765, 0.452], "million_6": [0.03230900308481788, 0.7366666666666667], "for_7": [0.03199566102494932, 0.5073333333333333], "a_8": [0.023544758826664795, 0.508], "a_22": [0.02182462094952271, 0.6960000000000001], "revolutionary_9": [0.0353641221352388, 0.2533333333333333], "AI_10": [0.03866913152333112, 0.2653333333333333], "software_11": [0.040704590328913146, 0.09599999999999999], "within_12": [0.024565910026166735, 0.7713333333333333], "12_13": [0.02680661557885299, 0.4206666666666667], "months_14": [0.03506928921357852, 0.3206666666666667], "months_43": [0.026843674232606127, 0.37199999999999994], "._15": [0.02814797948014802, 0.7006666666666667], "._47": [0.025269186121804343, 0.84], "._70": [0.03254951686760158, 0.6733333333333333], "._87": [0.026279537130786016, 0.5193333333333333], "If_16": [0.02999785927965118, 0.468], "fails_19": [0.02330294598258977, 0.934], "to_20": [0.031521372049485345, 0.48866666666666664], "to_55": [0.02991832630252546, 0.488], "deliver_21": [0.03323676657305614, 0.38333333333333336], "fully_23": [0.027698693105980488, 0.7366666666666667], "functional_24": [0.027585887643758772, 0.594], "product_25": [0.030520411465573372, 0.42333333333333334], "by_26": [0.02680043978980684, 0.7413333333333334], "by_75": [0.023771133568370406, 0.6693333333333333], "the_27": [0.023251564569740594, 0.7333333333333334], "the_36": [0.029435393846960756, 0.5673333333333334], "the_51": [0.02763328343151107, 0.3873333333333333], "deadline_28": [0.025700368626453984, 0.5499999999999999], ",_29": [0.03538821377394898, 0.5], ",_49": [0.02499825631619113, 0.6533333333333333], ",_64": [0.028141745162794093, 0.5926666666666667], "they_30": [0.02603651073273543, 0.5946666666666667], "must_31": [0.03209707402748141, 0.5826666666666666], "refund_32": [0.036735592021582615, 0.15733333333333333], "50_33": [0.02986620181231273, 0.4606666666666667], "%_34": [0.03412297099228937, 0.3313333333333333], "of_35": [0.029758770274540214, 0.5786666666666667], "of_44": [0.026200072179817336, 0.6533333333333333], "payment_37": [0.030987415080665603, 0.5893333333333334], "and_38": [0.023025524461034508, 0.8553333333333334], "and_78": [0.0243501903853295, 0.7633333333333333], "provide_39": [0.03820292427207933, 0.29733333333333334], "an_40": [0.023247789631326732, 0.934], "additional_41": [0.024109526861664357, 0.7719999999999999], "3_42": [0.026995068193456952, 0.5893333333333334], "development_45": [0.034939414264298856, 0.7326666666666667], "free_46": [0.030789753447239204, 0.3393333333333333], "However_48": [0.025146964866886518, 0.6813333333333333], "if_50": [0.027897967497524767, 0.7233333333333333], "delay_52": [0.03289730234123502, 0.43733333333333335], "is_53": [0.02593139355503025, 0.596], "is_73": [0.03059684886008125, 0.892], "due_54": [0.027140989175671728, 0.7799999999999999], "circumstances_56": [0.02307687435068013, 0.8506666666666667], "beyond_57": [0.02644153859464629, 0.634], "\u2019_60": [0.022128278410804017, 0.7006666666666668], "s_61": [0.03491356912547453, 0.13799999999999998], "reasonable_62": [0.03940721178177676, 0.4753333333333334], "control_63": [0.026383144303052653, 0.4626666666666666], "these_65": [0.029648134413408623, 0.6900000000000001], "penalties_66": [0.03298629025405784, 0.2313333333333333], "shall_67": [0.03745032960067065, 0.314], "shall_81": [0.02705533601342001, 0.7959999999999999], "not_68": [0.028690796667903282, 0.5246666666666666], "apply_69": [0.034722868271745665, 0.5326666666666667], "This_71": [0.027976995257282238, 0.3053333333333333], "agreement_72": [0.02885942913110795, 0.5866666666666667], "governed_74": [0.03306842252707224, 0.4226666666666667], "California_76": [0.03601058219035011, 0.14666666666666667], "law_77": [0.027095738842632833, 0.7326666666666667], "any_79": [0.025083973598078107, 0.632], "disputes_80": [0.021810183763429154, 0.5393333333333333], "be_82": [0.02790714398270823, 0.49866666666666665], "resolved_83": [0.030691515036422767, 0.82], "through_84": [0.038835511973646146, 0.5586666666666666], "binding_85": [0.026711986447661738, 0.7680000000000001], "arbitration_86": [0.03130589863918963, 0.5173333333333333]}