{"company_0": [0.05223314988683819, 0.40599999999999997], "company_3": [0.04882268637439116, 0.5346666666666667], "company_17": [0.05148924692865799, 0.464], "company_58": [0.039935027745795514, 0.612], "a_1": [0.05268666658711984, 0.4046666666666667], "pays_2": [0.05217123331739182, 0.47400000000000003], "b_4": [0.05187305653848113, 0.506], "b_18": [0.04643588903056018, 0.44133333333333336], "b_59": [0.03788804418461373, 0.7833333333333333], "$10_5": [0.04135545053840612, 0.5], "million_6": [0.05585317477222992, 0.24133333333333337], "for_7": [0.05954396620037411, 0.3486666666666667], "a_8": [0.05240957167657962, 0.5113333333333333], "a_22": [0.04569107881215928, 0.5193333333333333], "revolutionary_9": [0.06936404052531045, 0.12599999999999997], "ai_10": [0.05146415863287148, 0.39333333333333337], "software_11": [0.046089196658822135, 0.446], "within_12": [0.04800844642033656, 0.6153333333333334], "12_13": [0.051762871159622276, 0.5626666666666668], "months_14": [0.03751407488505275, 0.7626666666666666], "months_43": [0.059394356278267356, 0.25133333333333335], "._15": [0.049221414578073386, 0.5106666666666667], "._47": [0.04335584882940149, 0.6973333333333334], "._70": [0.03517974526438683, 0.7146666666666667], "._87": [0.050039027538497594, 0.3866666666666667], "if_16": [0.04445945525426587, 0.5233333333333333], "fails_19": [0.04482348799648439, 0.7200000000000001], "to_20": [0.04757630625367617, 0.7286666666666667], "to_55": [0.046310730503143216, 0.5526666666666668], "deliver_21": [0.045117020359742514, 0.7513333333333332], "fully_23": [0.048117298607658655, 0.5259999999999999], "functional_24": [0.04272380138002185, 0.7000000000000001], "product_25": [0.05349935543608231, 0.4746666666666666], "by_26": [0.052528102338357086, 0.4713333333333333], "by_75": [0.049826369592299254, 0.47000000000000003], "the_27": [0.06008293089476369, 0.2953333333333334], "the_36": [0.03767786575453314, 0.6953333333333332], "the_51": [0.032754645557086036, 0.8806666666666666], "deadline_28": [0.04144958393651083, 0.75], ",_29": [0.04068360099426803, 0.7533333333333334], ",_49": [0.04977403090854493, 0.45933333333333337], ",_64": [0.04128793921312357, 0.604], "they_30": [0.049400487739920916, 0.626], "must_31": [0.042404219211229915, 0.5793333333333334], "refund_32": [0.04970839169747122, 0.4166666666666667], "50_33": [0.0470183138562029, 0.6326666666666667], "%_34": [0.05375366171486925, 0.37799999999999995], "of_35": [0.04913038358629903, 0.5613333333333332], "of_44": [0.05185333709075488, 0.5866666666666667], "payment_37": [0.038066608995045596, 0.6966666666666667], "and_38": [0.04560856591941187, 0.6353333333333333], "and_78": [0.04207615933821656, 0.8406666666666668], "provide_39": [0.04761642508223996, 0.684], "an_40": [0.050352144585977705, 0.5886666666666667], "additional_41": [0.04133347790054812, 0.856], "3_42": [0.046871653159167075, 0.5519999999999999], "development_45": [0.050638349947306704, 0.6106666666666668], "free_46": [0.044024355278070824, 0.45133333333333336], "however_48": [0.06444887617754753, 0.294], "if_50": [0.05537388507290792, 0.5093333333333333], "delay_52": [0.0460225236885393, 0.5106666666666667], "is_53": [0.053617195956830364, 0.5533333333333333], "is_73": [0.05806393113372312, 0.25466666666666665], "due_54": [0.06063682001367824, 0.39799999999999996], "circumstances_56": [0.05959606497425326, 0.306], "beyond_57": [0.04495215131998028, 0.51], "\u2019_60": [0.05452420643100562, 0.606], "s_61": [0.03640692337340056, 0.9246666666666666], "reasonable_62": [0.041949097389710664, 0.7566666666666667], "control_63": [0.037186431341464904, 0.7533333333333334], "these_65": [0.05776208760090496, 0.476], "penalties_66": [0.0528390667397449, 0.6086666666666667], "shall_67": [0.044070962333732366, 0.8986666666666667], "shall_81": [0.06505972223842076, 0.18200000000000002], "not_68": [0.053965355736354366, 0.5053333333333333], "apply_69": [0.04822932745461599, 0.5886666666666667], "this_71": [0.039252062857471966, 0.8013333333333333], "agreement_72": [0.06411387226659615, 0.25466666666666665], "governed_74": [0.04774637937659629, 0.6699999999999999], "california_76": [0.05957968204593514, 0.18466666666666665], "law_77": [0.04449647810655466, 0.6960000000000001], "any_79": [0.03274462099428362, 0.8433333333333333], "disputes_80": [0.044665450537707596, 0.8586666666666667], "be_82": [0.04272167547066159, 0.62], "resolved_83": [0.04099505688509875, 0.4206666666666667], "through_84": [0.039027980017315216, 0.6673333333333332], "binding_85": [0.041845433585565577, 0.7826666666666666], "arbitration_86": [0.04162298759472289, 0.844]}