{"Company_0": [0.052278380889121734, 0.49733333333333335], "Company_3": [0.042233978994220676, 0.68], "Company_17": [0.04134028761014102, 0.7826666666666666], "Company_58": [0.047943444830761926, 0.4493333333333333], "pays_2": [0.03766778244513171, 0.862], "B_4": [0.05861007133844173, 0.424], "B_18": [0.037657511804734554, 0.876], "B_59": [0.04703828105369207, 0.656], "million_6": [0.04028339767702146, 0.8473333333333333], "for_7": [0.053886348557194375, 0.47], "revolutionary_9": [0.04282636255585026, 0.816], "AI_10": [0.05470874121272251, 0.6266666666666666], "software_11": [0.04347321813663856, 0.8706666666666667], "within_12": [0.04319957378529398, 0.7346666666666667], "months_14": [0.039993968243125434, 0.8700000000000001], "months_43": [0.048889552909889535, 0.682], "If_16": [0.04819362932458521, 0.5886666666666667], "fails_19": [0.039099508927405206, 0.9293333333333335], "deliver_21": [0.046201965908131026, 0.7480000000000001], "fully_23": [0.03702824435291268, 0.9173333333333332], "functional_24": [0.04182587279939363, 0.7613333333333333], "product_25": [0.04005272069852039, 0.8466666666666667], "by_26": [0.042697527919935245, 0.738], "by_75": [0.0408000034294601, 0.9646666666666667], "the_27": [0.04533963450964241, 0.6866666666666666], "the_36": [0.04649441016440544, 0.586], "the_51": [0.04614330544055472, 0.7133333333333334], "deadline_28": [0.04272571543313906, 0.898], "they_30": [0.057933827487369416, 0.5053333333333333], "must_31": [0.04903039873531543, 0.6346666666666667], "refund_32": [0.042942376916411805, 0.7140000000000001], "%_34": [0.05227116116581267, 0.5579999999999999], "payment_37": [0.04213824962808418, 0.8273333333333334], "provide_39": [0.04281538459122114, 0.6626666666666666], "an_40": [0.04088302222201909, 0.8140000000000001], "additional_41": [0.04878483447884222, 0.6833333333333332], "3_42": [0.03976714050250769, 0.798], "development_45": [0.04608180906790257, 0.6593333333333334], "free_46": [0.0488951912609539, 0.5813333333333334], "However_48": [0.04240083620768235, 0.7626666666666667], "if_50": [0.03995395574608076, 0.8533333333333334], "delay_52": [0.03958227253761587, 0.6273333333333334], "is_53": [0.048388157921390625, 0.6386666666666666], "is_73": [0.04929220757111826, 0.6513333333333333], "due_54": [0.03896697418922778, 0.7986666666666666], "circumstances_56": [0.04760113077190654, 0.6973333333333334], "beyond_57": [0.0518792935453418, 0.7206666666666667], "s_61": [0.03937191818965951, 0.8786666666666667], "reasonable_62": [0.05224924066953145, 0.5259999999999999], "control_63": [0.04818085910430397, 0.5373333333333333], "these_65": [0.03960044570780675, 0.9373333333333332], "penalties_66": [0.03953271363393832, 0.906], "shall_67": [0.0375387254267641, 0.866], "shall_81": [0.03731609017737842, 0.98], "not_68": [0.04099793415968556, 0.7966666666666667], "apply_69": [0.04439204188977395, 0.7573333333333334], "This_71": [0.03979647778490425, 0.8073333333333332], "agreement_72": [0.037423603295444426, 0.9159999999999999], "governed_74": [0.04281441515191752, 0.7266666666666667], "California_76": [0.05268037754921338, 0.33466666666666667], "law_77": [0.03504447831752353, 0.8966666666666666], "any_79": [0.05423939116867943, 0.492], "disputes_80": [0.04721475039357161, 0.7266666666666667], "be_82": [0.07329570737392181, 0.20866666666666667], "resolved_83": [0.04912455158960288, 0.48], "through_84": [0.04293916801632014, 0.8153333333333334], "binding_85": [0.057242482329058646, 0.418], "arbitration_86": [0.043965117342976846, 0.7360000000000001]}