{"Company_0": [0.017839055542359067, 0.36000000000000004], "Company_3": [0.013539909648505854, 0.61], "Company_17": [0.014122675233507001, 0.5526666666666666], "Company_58": [0.012300321586204775, 0.6006666666666667], "A_1": [0.014325248390486026, 0.5806666666666667], "pays_2": [0.027352945562086103, 0.14066666666666666], "B_4": [0.012731409214581465, 0.668], "B_18": [0.015383878416326881, 0.416], "B_59": [0.012864999286699777, 0.6513333333333334], "$10_5": [0.013709351442910226, 0.5579999999999999], "million_6": [0.018116490366782437, 0.43], "for_7": [0.016862247538599936, 0.46399999999999997], "a_8": [0.010446091074516774, 0.8066666666666666], "a_22": [0.015440725039586644, 0.6686666666666667], "revolutionary_9": [0.017070011787515233, 0.39666666666666667], "AI_10": [0.0297738783203758, 0.15333333333333335], "software_11": [0.02177757132941342, 0.31466666666666665], "within_12": [0.013233039100236516, 0.5213333333333333], "12_13": [0.013340400098765285, 0.5139999999999999], "months_14": [0.01555294059911979, 0.2973333333333333], "months_43": [0.01510806928508564, 0.6446666666666667], "._15": [0.013612570443660536, 0.64], "._47": [0.01171472524771597, 0.6699999999999999], "._70": [0.01818368058378965, 0.40199999999999997], "._87": [0.014513816561694905, 0.614], "If_16": [0.013666295539850807, 0.7733333333333333], "fails_19": [0.013429857475685444, 0.44333333333333336], "to_20": [0.01755821467634303, 0.592], "to_55": [0.010790429263238569, 0.714], "deliver_21": [0.01299667048110352, 0.6346666666666666], "fully_23": [0.013250688117073686, 0.6433333333333332], "functional_24": [0.013239810799600538, 0.6786666666666666], "product_25": [0.011627574064360954, 0.6173333333333333], "by_26": [0.016066727304344264, 0.4446666666666667], "by_75": [0.012609741397035796, 0.5866666666666667], "the_27": [0.011527414046621701, 0.7680000000000001], "the_36": [0.011988198340086234, 0.7360000000000001], "the_51": [0.015423018192384367, 0.7093333333333334], "deadline_28": [0.01257535095381454, 0.8546666666666667], ",_29": [0.014174115278267825, 0.6013333333333334], ",_49": [0.011652321481350337, 0.7719999999999999], ",_64": [0.013759712981823422, 0.734], "they_30": [0.01071177660274255, 0.7866666666666667], "must_31": [0.01380987597634178, 0.5753333333333334], "refund_32": [0.01925996112179933, 0.3353333333333333], "50_33": [0.015050585971208662, 0.47], "%_34": [0.014525826637934383, 0.59], "of_35": [0.014554668031784651, 0.38133333333333336], "of_44": [0.01645429417726444, 0.5946666666666666], "payment_37": [0.017327038153696746, 0.39999999999999997], "and_38": [0.014920675049747456, 0.488], "and_78": [0.012869366868454385, 0.7393333333333333], "provide_39": [0.011910399520007236, 0.6453333333333333], "an_40": [0.015603682372395436, 0.5726666666666667], "additional_41": [0.012586635654112915, 0.7160000000000001], "3_42": [0.014405489024882723, 0.566], "development_45": [0.018068176386103075, 0.39133333333333337], "free_46": [0.015874359571851068, 0.36933333333333335], "However_48": [0.011377984756441445, 0.6386666666666666], "if_50": [0.014562356685198749, 0.5873333333333334], "delay_52": [0.016485382197209294, 0.3826666666666667], "is_53": [0.015768480350110064, 0.5393333333333333], "is_73": [0.012204838098884445, 0.672], "due_54": [0.012712462195502037, 0.7553333333333333], "circumstances_56": [0.010338286248388848, 1.0], "beyond_57": [0.016304109353465348, 0.526], "\u2019_60": [0.014619790144811393, 0.3713333333333333], "s_61": [0.012200001853768024, 0.6286666666666667], "reasonable_62": [0.01640660638225976, 0.3466666666666667], "control_63": [0.013163907709431655, 0.5593333333333333], "these_65": [0.011914662475824506, 0.6], "penalties_66": [0.013843852320852454, 0.6313333333333334], "shall_67": [0.01299648788639129, 0.5626666666666665], "shall_81": [0.017332919185417836, 0.622], "not_68": [0.012803014119717073, 0.664], "apply_69": [0.013004857234138684, 0.6713333333333334], "This_71": [0.012098321448741832, 0.8113333333333334], "agreement_72": [0.014071503442177077, 0.5146666666666667], "governed_74": [0.015131355093896908, 0.6453333333333334], "California_76": [0.020464470550430675, 0.336], "law_77": [0.015433831242081017, 0.5746666666666667], "any_79": [0.012099666362944331, 0.7773333333333333], "disputes_80": [0.013485986342942747, 0.626], "be_82": [0.012768696167864543, 0.6333333333333334], "resolved_83": [0.014769399580625614, 0.5533333333333333], "through_84": [0.01090630186764586, 0.9726666666666667], "binding_85": [0.018741245034026483, 0.4186666666666667], "arbitration_86": [0.014022282357630632, 0.39666666666666667]}