{"Company_0": [0.030911748014542734, 0.18666666666666665], "Company_3": [0.03095701626284029, 0.29733333333333334], "Company_17": [0.027425054444043067, 0.3913333333333333], "Company_58": [0.027087371169100618, 0.3866666666666667], "pays_2": [0.03210435506264226, 0.30333333333333334], "B_4": [0.024624453587942383, 0.3893333333333333], "B_18": [0.022978971589068694, 0.45199999999999996], "B_59": [0.03480970575850506, 0.20066666666666666], "million_6": [0.041774928171062466, 0.07733333333333332], "for_7": [0.03186349896905835, 0.14066666666666663], "revolutionary_9": [0.02918404365221521, 0.308], "AI_10": [0.054686023909217486, 0.12733333333333333], "software_11": [0.030518609859110143, 0.24666666666666667], "within_12": [0.021165809199277342, 0.6606666666666666], "months_14": [0.022938151401687378, 0.4066666666666667], "months_43": [0.03082732809683214, 0.16466666666666666], "If_16": [0.024056014397413523, 0.45933333333333337], "fails_19": [0.018252824994272585, 0.5673333333333334], "deliver_21": [0.02756789581406055, 0.37999999999999995], "fully_23": [0.01587412580311315, 0.948], "functional_24": [0.028485743968123214, 0.22599999999999998], "product_25": [0.021618112233382086, 0.5506666666666667], "by_26": [0.021440447070074295, 0.588], "by_75": [0.01790239572791891, 0.6166666666666667], "the_27": [0.02794716178788571, 0.45133333333333336], "the_36": [0.03101567490945251, 0.498], "the_51": [0.024797090247779253, 0.53], "deadline_28": [0.01346732599500817, 0.9693333333333333], "they_30": [0.027772755288978223, 0.2893333333333334], "must_31": [0.01820711591312174, 0.7753333333333333], "refund_32": [0.030565124859823777, 0.24866666666666667], "%_34": [0.020896746487203466, 0.648], "payment_37": [0.019717684576702695, 0.6966666666666667], "provide_39": [0.03476953014712624, 0.21799999999999997], "an_40": [0.023498002266189533, 0.5573333333333333], "additional_41": [0.0259337066261895, 0.6746666666666666], "3_42": [0.026776726454637762, 0.434], "development_45": [0.02472581734552173, 0.5546666666666666], "free_46": [0.02468755154111431, 0.4426666666666667], "However_48": [0.02534542466217166, 0.4073333333333333], "if_50": [0.022508907945697387, 0.5586666666666666], "delay_52": [0.032954390618085055, 0.25733333333333336], "is_53": [0.022625474370174203, 0.48200000000000004], "is_73": [0.018172530803030145, 0.7046666666666667], "due_54": [0.017680759650745257, 0.734], "circumstances_56": [0.016268326247004763, 0.8926666666666666], "beyond_57": [0.02742656092116444, 0.38199999999999995], "s_61": [0.02542706934439111, 0.5206666666666667], "reasonable_62": [0.029089647100229526, 0.4266666666666667], "control_63": [0.037307795568867, 0.108], "these_65": [0.032366554258553205, 0.4546666666666666], "penalties_66": [0.024921572926711554, 0.5139999999999999], "shall_67": [0.028125693860916023, 0.3793333333333333], "shall_81": [0.025117288436034963, 0.6406666666666667], "not_68": [0.015252927994995178, 0.8066666666666666], "apply_69": [0.026940765474724643, 0.24133333333333332], "This_71": [0.021626032107082558, 0.5393333333333333], "agreement_72": [0.031444697314159976, 0.26], "governed_74": [0.02236835029710783, 0.3406666666666667], "California_76": [0.03563139445670229, 0.15], "law_77": [0.029129295116841435, 0.25866666666666666], "any_79": [0.021262929011957952, 0.6673333333333332], "disputes_80": [0.0193293406260335, 0.7046666666666667], "be_82": [0.02456533830979828, 0.5786666666666667], "resolved_83": [0.025214223021219163, 0.34333333333333327], "through_84": [0.02478796415291253, 0.5266666666666667], "binding_85": [0.034058004025235296, 0.3413333333333333], "arbitration_86": [0.028088335811900428, 0.3333333333333333]}