{"Company_0": [0.006959497017927234, 0.09933333333333334], "Company_3": [0.002981676238001496, 0.09266666666666666], "Company_17": [0.002075124251676219, 0.09999999999999999], "Company_58": [0.0008334181787945115, 0.08733333333333333], "A_1": [0.002819287959675824, 0.09333333333333332], "pays_2": [0.0056893276673978255, 0.10066666666666667], "B_4": [0.002843065835297328, 0.10999999999999999], "B_18": [0.0018256050208660761, 0.12266666666666666], "B_59": [0.0005742014878283112, 0.09200000000000001], "$10_5": [0.0029999191421154667, 0.09400000000000001], "million_6": [0.004460315736921776, 0.102], "for_7": [0.0020767889497341763, 0.09666666666666668], "a_8": [0.001001760148387043, 0.11199999999999999], "a_22": [0.00020132514540812294, 0.09866666666666668], "revolutionary_9": [0.010164608095602526, 0.102], "AI_10": [0.019230281811241572, 0.09800000000000002], "software_11": [0.005569393533232418, 0.104], "within_12": [0.0011160935501979645, 0.10533333333333333], "12_13": [0.002619561977675692, 0.10266666666666667], "months_14": [0.0031206035875060247, 0.10866666666666668], "months_43": [0.0025455420852678414, 0.08800000000000001], "._15": [0.0008545006454537077, 0.10866666666666668], "._47": [0.0005657938978936109, 0.10933333333333334], "._70": [0.00035741429572185474, 0.10133333333333333], "._87": [0.0017599445107455945, 0.09200000000000001], "If_16": [0.0025303469342120577, 0.08333333333333333], "fails_19": [0.0018484351400098742, 0.41533333333333333], "to_20": [0.0005417740915478012, 0.10733333333333334], "to_55": [0.00015067238552043025, 0.10066666666666668], "deliver_21": [0.002567622135521641, 0.10733333333333334], "fully_23": [0.0002025512038883459, 0.11], "functional_24": [0.0008497820170753068, 0.08733333333333333], "product_25": [0.002534255624460265, 0.11], "by_26": [0.00020638771606240613, 0.11399999999999999], "by_75": [0.00020970598841973942, 0.10533333333333333], "the_27": [0.00017562133567772253, 0.10066666666666667], "the_36": [9.702271028344533e-05, 0.10266666666666667], "the_51": [0.000300917808089977, 0.09066666666666667], "deadline_28": [0.002875417399827662, 0.09266666666666667], ",_29": [0.0002891820522290904, 0.09866666666666668], ",_49": [0.00017987839527877636, 0.09533333333333334], ",_64": [0.0002944489613324978, 0.09666666666666668], "they_30": [0.0005354708115438145, 0.10066666666666667], "must_31": [0.0012921610333652689, 0.09400000000000001], "refund_32": [0.007872706128640883, 0.11199999999999999], "50_33": [0.0030692613274549605, 0.09466666666666666], "%_34": [0.0009566591508909003, 0.11133333333333333], "of_35": [0.00015358318688207806, 0.102], "of_44": [0.000289348087376647, 0.10266666666666667], "payment_37": [0.0009484700787957268, 0.10333333333333332], "and_38": [0.00020522972781015594, 0.102], "and_78": [0.0002077306834511831, 0.09800000000000002], "provide_39": [0.0002568569797861686, 0.09866666666666668], "an_40": [0.0001880446756443351, 0.108], "additional_41": [0.00042225744516917924, 0.106], "3_42": [0.0012571298327102391, 0.09866666666666667], "development_45": [0.005209774934597437, 0.09600000000000002], "free_46": [0.001298938481468966, 0.10333333333333333], "However_48": [0.0010572381599211662, 0.10066666666666668], "if_50": [0.0005615264020172317, 0.09866666666666667], "delay_52": [0.006318861680187175, 0.112], "is_53": [0.0001320388105122694, 0.09266666666666667], "is_73": [0.00031099251205820205, 0.106], "due_54": [0.0009415944932555561, 0.09066666666666667], "circumstances_56": [0.0009973859501422044, 0.09400000000000001], "beyond_57": [0.00043924046758251717, 0.09066666666666667], "\u2019_60": [0.0012792333778151403, 0.10466666666666667], "s_61": [0.0007753250209780235, 0.09666666666666668], "reasonable_62": [0.001788255591184303, 0.114], "control_63": [0.0019458632396286424, 0.108], "these_65": [0.0002862264118042394, 0.10133333333333333], "penalties_66": [0.0020684721117717833, 0.11], "shall_67": [0.0009815403890821583, 0.10133333333333333], "shall_81": [9.486452567919468e-05, 0.09133333333333334], "not_68": [0.0006206516137621984, 0.4033333333333333], "apply_69": [0.0005866023198009737, 0.10333333333333333], "This_71": [0.0008740214441278112, 0.08666666666666667], "agreement_72": [0.0023966186955737636, 0.09333333333333334], "governed_74": [0.0007404094040793044, 0.09666666666666668], "California_76": [0.009097178701501027, 0.12266666666666666], "law_77": [0.0007683432157826742, 0.09066666666666667], "any_79": [9.120120763813262e-05, 0.09733333333333333], "disputes_80": [0.0003235042008321587, 0.11133333333333333], "be_82": [7.806128404278893e-05, 0.10266666666666667], "resolved_83": [5.080884272849288e-05, 0.10733333333333334], "through_84": [3.5441730850238606e-05, 0.10066666666666668], "binding_85": [0.001360052882074414, 0.10733333333333334], "arbitration_86": [0.0022238716279032364, 0.09866666666666668]}