{"Company_0": [0.039833513602422765, 0.4706666666666666], "Company_3": [0.04146345370962943, 0.49466666666666664], "Company_17": [0.04004562225995994, 0.4606666666666667], "Company_58": [0.03311872275492064, 0.7393333333333333], "A_1": [0.03688383834507833, 0.42333333333333334], "pays_2": [0.039774758779020085, 0.61], "B_4": [0.03783441930017256, 0.6026666666666667], "B_18": [0.04099739990352678, 0.49666666666666665], "B_59": [0.03636489759489755, 0.5053333333333333], "$10_5": [0.040820593621326846, 0.3686666666666667], "million_6": [0.046545261281133586, 0.3773333333333333], "for_7": [0.03558864038315975, 0.6539999999999999], "a_8": [0.04260160133308019, 0.39999999999999997], "a_22": [0.0453553348882838, 0.472], "revolutionary_9": [0.041945371023200055, 0.2193333333333333], "AI_10": [0.05552558863117249, 0.07866666666666666], "software_11": [0.037456051406303204, 0.4266666666666667], "within_12": [0.039639784351182934, 0.39399999999999996], "12_13": [0.03821203717487892, 0.41], "months_14": [0.042521882565503176, 0.41333333333333333], "months_43": [0.03510080516656191, 0.5273333333333333], "._15": [0.04303882884965013, 0.482], "._47": [0.04011658220472374, 0.428], "._70": [0.03558998385896162, 0.6086666666666667], "._87": [0.03434485729537162, 0.5433333333333333], "If_16": [0.03918534530654944, 0.7146666666666667], "fails_19": [0.0376560336805185, 0.5886666666666667], "to_20": [0.031921053325617114, 0.6773333333333333], "to_55": [0.03750184512788809, 0.4406666666666667], "deliver_21": [0.04548182446996551, 0.4406666666666666], "fully_23": [0.035976049549352816, 0.62], "functional_24": [0.04709096938507212, 0.4200000000000001], "product_25": [0.03370918092112302, 0.612], "by_26": [0.036910547998744, 0.6106666666666666], "by_75": [0.039970080141902196, 0.3213333333333333], "the_27": [0.02977515424471945, 0.6980000000000001], "the_36": [0.03680040580425365, 0.6953333333333332], "the_51": [0.03613677149792752, 0.6346666666666666], "deadline_28": [0.0371659203451195, 0.5653333333333334], ",_29": [0.04147295109417929, 0.4606666666666667], ",_49": [0.035443857489754836, 0.62], ",_64": [0.033658917786039966, 0.6673333333333334], "they_30": [0.03196498635116326, 0.726], "must_31": [0.03345557367943806, 0.6386666666666666], "refund_32": [0.05701669781870616, 0.296], "50_33": [0.03777138334676419, 0.47400000000000003], "%_34": [0.0379473159561887, 0.5106666666666667], "of_35": [0.03652974543179475, 0.3486666666666667], "of_44": [0.037531004697024806, 0.566], "payment_37": [0.034825269979638133, 0.5479999999999999], "and_38": [0.04530724570613524, 0.32866666666666666], "and_78": [0.028140669816176505, 0.9013333333333334], "provide_39": [0.03383416402497067, 0.5966666666666666], "an_40": [0.04402558864467771, 0.36999999999999994], "additional_41": [0.033316312976899194, 0.7373333333333333], "3_42": [0.035289139861814395, 0.4066666666666667], "development_45": [0.03720165332837269, 0.5993333333333334], "free_46": [0.03670469960930151, 0.39266666666666666], "However_48": [0.04315483978138606, 0.598], "if_50": [0.03130751251058481, 0.7366666666666667], "delay_52": [0.04370643241915447, 0.41733333333333333], "is_53": [0.04004688582921279, 0.42733333333333334], "is_73": [0.03733957896459842, 0.508], "due_54": [0.04207593284320746, 0.5393333333333333], "circumstances_56": [0.041121204677680746, 0.5479999999999999], "beyond_57": [0.046885169222408984, 0.3940000000000001], "\u2019_60": [0.044305847299268876, 0.4206666666666667], "s_61": [0.032999187656395125, 0.8146666666666667], "reasonable_62": [0.040664756782363816, 0.3526666666666667], "control_63": [0.03827581757660884, 0.6326666666666666], "these_65": [0.03430220817494611, 0.7146666666666667], "penalties_66": [0.029000918158868124, 0.6126666666666667], "shall_67": [0.03629986745914249, 0.6373333333333333], "shall_81": [0.03543824998290868, 0.5726666666666667], "not_68": [0.029050071470807935, 0.7833333333333333], "apply_69": [0.029627027208330645, 0.7313333333333333], "This_71": [0.03513746457878091, 0.5893333333333333], "agreement_72": [0.040634536420569294, 0.54], "governed_74": [0.038746117699330146, 0.37200000000000005], "California_76": [0.04313408906932483, 0.462], "law_77": [0.03582693605652168, 0.3953333333333333], "any_79": [0.04017261246807224, 0.6486666666666667], "disputes_80": [0.03451408102052489, 0.6926666666666667], "be_82": [0.03476942692133722, 0.5126666666666667], "resolved_83": [0.04171533633514659, 0.4240000000000001], "through_84": [0.037530187307770135, 0.48666666666666664], "binding_85": [0.039124206878284565, 0.5066666666666667], "arbitration_86": [0.040059278691483007, 0.5393333333333333]}