{"Company_0": [0.01977144503762959, 0.18266666666666667], "Company_3": [0.015602840511014767, 0.6026666666666667], "Company_17": [0.012738639215808081, 0.442], "Company_58": [0.013616793308048733, 0.8086666666666668], "A_1": [0.019560400676023906, 0.39466666666666667], "pays_2": [0.01968937639963868, 0.11], "B_4": [0.01619661768701969, 0.5646666666666667], "B_18": [0.012409501648749231, 0.5179999999999999], "B_59": [0.024683688589649023, 0.328], "$10_5": [0.01628540339724244, 0.4766666666666666], "million_6": [0.020068439165025518, 0.26866666666666666], "for_7": [0.018537862681925015, 0.11066666666666668], "a_8": [0.018954563639789635, 0.574], "a_22": [0.014241845402250661, 0.656], "revolutionary_9": [0.025463111597520096, 0.118], "AI_10": [0.03660389961765994, 0.08800000000000001], "software_11": [0.01899303520645519, 0.322], "within_12": [0.015962225489360094, 0.568], "12_13": [0.014927000971560266, 0.3766666666666667], "months_14": [0.017701571281625358, 0.38066666666666665], "months_43": [0.018623250199217126, 0.214], "._15": [0.014815027473812838, 0.37066666666666664], "._47": [0.013929365243162106, 0.35533333333333333], "._70": [0.036940047731471394, 0.21533333333333335], "._87": [0.02215811072336388, 0.38000000000000006], "If_16": [0.01752562793674809, 0.4013333333333333], "fails_19": [0.015707268944109676, 0.48], "to_20": [0.019113493859238828, 0.254], "to_55": [0.01612398930481102, 0.3153333333333333], "deliver_21": [0.02146446438360637, 0.31666666666666665], "fully_23": [0.013535734079985836, 0.3826666666666667], "functional_24": [0.014003551105025087, 0.4073333333333333], "product_25": [0.014733492331390693, 0.446], "by_26": [0.015243517384554971, 0.3566666666666667], "by_75": [0.016882699812745334, 0.5646666666666667], "the_27": [0.013230594633586085, 0.6166666666666667], "the_36": [0.017657800588832408, 0.09666666666666668], "the_51": [0.014631214348678416, 0.32], "deadline_28": [0.017710225168773425, 0.3626666666666667], ",_29": [0.017432974503052645, 0.21333333333333335], ",_49": [0.014489596325840107, 0.29333333333333333], ",_64": [0.01796434508698429, 0.34600000000000003], "they_30": [0.015066643538324506, 0.43599999999999994], "must_31": [0.014827373520945007, 0.56], "refund_32": [0.018318924327096715, 0.20466666666666666], "50_33": [0.021775898807543048, 0.2906666666666667], "%_34": [0.012816232834330171, 0.5353333333333333], "of_35": [0.014967714229438938, 0.496], "of_44": [0.015394410457439911, 0.39666666666666667], "payment_37": [0.014731652056711878, 0.5186666666666667], "and_38": [0.01874597684084158, 0.2826666666666667], "and_78": [0.016215029302312074, 0.5453333333333333], "provide_39": [0.014343313488187036, 0.3753333333333333], "an_40": [0.01291071873860733, 0.6459999999999999], "additional_41": [0.014334498683058897, 0.628], "3_42": [0.017829582647936115, 0.31933333333333336], "development_45": [0.018851555119264906, 0.11866666666666666], "free_46": [0.015426548278360172, 0.5713333333333334], "However_48": [0.020454865200777207, 0.19866666666666666], "if_50": [0.013246805315279652, 0.7140000000000001], "delay_52": [0.015446160232376353, 0.36533333333333334], "is_53": [0.017921919275253297, 0.20533333333333334], "is_73": [0.013591184722936326, 0.294], "due_54": [0.015090317660887335, 0.3266666666666666], "circumstances_56": [0.013959064795686484, 0.7073333333333333], "beyond_57": [0.011827382571910591, 0.6413333333333333], "\u2019_60": [0.015356844016856247, 0.47933333333333333], "s_61": [0.014048580732835181, 0.47800000000000004], "reasonable_62": [0.014150333266296848, 0.5239999999999999], "control_63": [0.01577702011947563, 0.5553333333333333], "these_65": [0.015614418182870418, 0.43733333333333335], "penalties_66": [0.016037126533896055, 0.4626666666666666], "shall_67": [0.021753244678432374, 0.26466666666666666], "shall_81": [0.0167371756927347, 0.41133333333333333], "not_68": [0.01362451960360988, 0.666], "apply_69": [0.01364079909536117, 0.36800000000000005], "This_71": [0.01320157451885771, 0.47666666666666674], "agreement_72": [0.026044908950799316, 0.342], "governed_74": [0.013790368275131382, 0.4633333333333333], "California_76": [0.01783520672476591, 0.31666666666666665], "law_77": [0.013886660166518747, 0.6246666666666666], "any_79": [0.018659762016772094, 0.304], "disputes_80": [0.01570192057880948, 0.4386666666666666], "be_82": [0.016604429624187, 0.584], "resolved_83": [0.013505556140166542, 0.6193333333333334], "through_84": [0.015718409655513802, 0.6739999999999999], "binding_85": [0.01491867763619914, 0.5173333333333333], "arbitration_86": [0.013789889062871796, 0.5913333333333334]}