{"Company_0": [0.02786853039776058, 0.3], "Company_3": [0.02957134726827766, 0.49133333333333334], "Company_17": [0.030440062928578693, 0.6980000000000001], "Company_58": [0.027650194035862708, 0.48266666666666663], "A_1": [0.032633235001530335, 0.496], "pays_2": [0.03521838942268498, 0.29533333333333334], "B_4": [0.028880267128031833, 0.5973333333333334], "B_18": [0.029315655648644256, 0.664], "B_59": [0.024416766283821657, 0.8973333333333334], "$10_5": [0.024942656981155765, 0.4693333333333333], "million_6": [0.03230900308481788, 0.742], "for_7": [0.03199566102494932, 0.5133333333333333], "a_8": [0.023544758826664795, 0.49266666666666664], "a_22": [0.02182462094952271, 0.6993333333333333], "revolutionary_9": [0.0353641221352388, 0.27599999999999997], "AI_10": [0.03866913152333112, 0.25799999999999995], "software_11": [0.040704590328913146, 0.11066666666666668], "within_12": [0.024565910026166735, 0.7613333333333333], "12_13": [0.02680661557885299, 0.4593333333333333], "months_14": [0.03506928921357852, 0.3433333333333333], "months_43": [0.026843674232606127, 0.37066666666666664], "._15": [0.02814797948014802, 0.6926666666666668], "._47": [0.025269186121804343, 0.8433333333333333], "._70": [0.03254951686760158, 0.6633333333333333], "._87": [0.026279537130786016, 0.544], "If_16": [0.02999785927965118, 0.466], "fails_19": [0.02330294598258977, 0.9373333333333335], "to_20": [0.031521372049485345, 0.484], "to_55": [0.02991832630252546, 0.49733333333333335], "deliver_21": [0.03323676657305614, 0.3886666666666667], "fully_23": [0.027698693105980488, 0.738], "functional_24": [0.027585887643758772, 0.6033333333333334], "product_25": [0.030520411465573372, 0.4166666666666667], "by_26": [0.02680043978980684, 0.7426666666666667], "by_75": [0.023771133568370406, 0.656], "the_27": [0.023251564569740594, 0.7313333333333333], "the_36": [0.029435393846960756, 0.5786666666666668], "the_51": [0.02763328343151107, 0.38999999999999996], "deadline_28": [0.025700368626453984, 0.5606666666666666], ",_29": [0.03538821377394898, 0.5013333333333333], ",_49": [0.02499825631619113, 0.658], ",_64": [0.028141745162794093, 0.594], "they_30": [0.02603651073273543, 0.5746666666666667], "must_31": [0.03209707402748141, 0.5686666666666667], "refund_32": [0.036735592021582615, 0.15466666666666665], "50_33": [0.02986620181231273, 0.4406666666666667], "%_34": [0.03412297099228937, 0.34400000000000003], "of_35": [0.029758770274540214, 0.5533333333333333], "of_44": [0.026200072179817336, 0.656], "payment_37": [0.030987415080665603, 0.6013333333333334], "and_38": [0.023025524461034508, 0.8586666666666667], "and_78": [0.0243501903853295, 0.7573333333333333], "provide_39": [0.03820292427207933, 0.31866666666666665], "an_40": [0.023247789631326732, 0.9313333333333333], "additional_41": [0.024109526861664357, 0.7626666666666667], "3_42": [0.026995068193456952, 0.6153333333333334], "development_45": [0.034939414264298856, 0.7386666666666667], "free_46": [0.030789753447239204, 0.3173333333333333], "However_48": [0.025146964866886518, 0.6906666666666667], "if_50": [0.027897967497524767, 0.7466666666666667], "delay_52": [0.03289730234123502, 0.4306666666666667], "is_53": [0.02593139355503025, 0.6086666666666667], "is_73": [0.03059684886008125, 0.8906666666666667], "due_54": [0.027140989175671728, 0.7966666666666667], "circumstances_56": [0.02307687435068013, 0.868], "beyond_57": [0.02644153859464629, 0.632], "\u2019_60": [0.022128278410804017, 0.7220000000000001], "s_61": [0.03491356912547453, 0.14333333333333334], "reasonable_62": [0.03940721178177676, 0.4726666666666666], "control_63": [0.026383144303052653, 0.4573333333333333], "these_65": [0.029648134413408623, 0.7166666666666667], "penalties_66": [0.03298629025405784, 0.25733333333333336], "shall_67": [0.03745032960067065, 0.3093333333333333], "shall_81": [0.02705533601342001, 0.8126666666666668], "not_68": [0.028690796667903282, 0.48533333333333334], "apply_69": [0.034722868271745665, 0.5466666666666667], "This_71": [0.027976995257282238, 0.31266666666666665], "agreement_72": [0.02885942913110795, 0.5693333333333334], "governed_74": [0.03306842252707224, 0.4119999999999999], "California_76": [0.03601058219035011, 0.11800000000000001], "law_77": [0.027095738842632833, 0.7493333333333334], "any_79": [0.025083973598078107, 0.6253333333333333], "disputes_80": [0.021810183763429154, 0.5379999999999999], "be_82": [0.02790714398270823, 0.5066666666666667], "resolved_83": [0.030691515036422767, 0.7966666666666667], "through_84": [0.038835511973646146, 0.5539999999999999], "binding_85": [0.026711986447661738, 0.7799999999999999], "arbitration_86": [0.03130589863918963, 0.5206666666666667]}