{"company_0": [0.05223314988683819, 0.37666666666666665], "company_3": [0.04882268637439116, 0.5433333333333333], "company_17": [0.05148924692865799, 0.4506666666666667], "company_58": [0.039935027745795514, 0.592], "a_1": [0.05268666658711984, 0.39599999999999996], "pays_2": [0.05217123331739182, 0.5093333333333333], "b_4": [0.05187305653848113, 0.5133333333333333], "b_18": [0.04643588903056018, 0.436], "b_59": [0.03788804418461373, 0.7813333333333334], "$10_5": [0.04135545053840612, 0.48600000000000004], "million_6": [0.05585317477222992, 0.26133333333333336], "for_7": [0.05954396620037411, 0.32866666666666666], "a_8": [0.05240957167657962, 0.5293333333333333], "a_22": [0.04569107881215928, 0.504], "revolutionary_9": [0.06936404052531045, 0.13266666666666668], "ai_10": [0.05146415863287148, 0.3706666666666667], "software_11": [0.046089196658822135, 0.47400000000000003], "within_12": [0.04800844642033656, 0.622], "12_13": [0.051762871159622276, 0.5513333333333333], "months_14": [0.03751407488505275, 0.762], "months_43": [0.059394356278267356, 0.25466666666666665], "._15": [0.049221414578073386, 0.5239999999999999], "._47": [0.04335584882940149, 0.7333333333333334], "._70": [0.03517974526438683, 0.722], "._87": [0.050039027538497594, 0.39399999999999996], "if_16": [0.04445945525426587, 0.5406666666666667], "fails_19": [0.04482348799648439, 0.702], "to_20": [0.04757630625367617, 0.7366666666666667], "to_55": [0.046310730503143216, 0.5466666666666667], "deliver_21": [0.045117020359742514, 0.734], "fully_23": [0.048117298607658655, 0.5266666666666667], "functional_24": [0.04272380138002185, 0.6973333333333334], "product_25": [0.05349935543608231, 0.48666666666666664], "by_26": [0.052528102338357086, 0.494], "by_75": [0.049826369592299254, 0.46799999999999997], "the_27": [0.06008293089476369, 0.27466666666666667], "the_36": [0.03767786575453314, 0.6960000000000001], "the_51": [0.032754645557086036, 0.8733333333333334], "deadline_28": [0.04144958393651083, 0.742], ",_29": [0.04068360099426803, 0.7533333333333334], ",_49": [0.04977403090854493, 0.46399999999999997], ",_64": [0.04128793921312357, 0.5873333333333333], "they_30": [0.049400487739920916, 0.636], "must_31": [0.042404219211229915, 0.5866666666666668], "refund_32": [0.04970839169747122, 0.43133333333333335], "50_33": [0.0470183138562029, 0.6406666666666667], "%_34": [0.05375366171486925, 0.3793333333333333], "of_35": [0.04913038358629903, 0.5613333333333332], "of_44": [0.05185333709075488, 0.5686666666666667], "payment_37": [0.038066608995045596, 0.694], "and_38": [0.04560856591941187, 0.632], "and_78": [0.04207615933821656, 0.8353333333333334], "provide_39": [0.04761642508223996, 0.7133333333333334], "an_40": [0.050352144585977705, 0.5806666666666667], "additional_41": [0.04133347790054812, 0.8513333333333334], "3_42": [0.046871653159167075, 0.5693333333333334], "development_45": [0.050638349947306704, 0.6133333333333334], "free_46": [0.044024355278070824, 0.448], "however_48": [0.06444887617754753, 0.294], "if_50": [0.05537388507290792, 0.5139999999999999], "delay_52": [0.0460225236885393, 0.5046666666666667], "is_53": [0.053617195956830364, 0.5606666666666666], "is_73": [0.05806393113372312, 0.26799999999999996], "due_54": [0.06063682001367824, 0.418], "circumstances_56": [0.05959606497425326, 0.3213333333333333], "beyond_57": [0.04495215131998028, 0.5153333333333333], "\u2019_60": [0.05452420643100562, 0.5993333333333334], "s_61": [0.03640692337340056, 0.9420000000000001], "reasonable_62": [0.041949097389710664, 0.7806666666666667], "control_63": [0.037186431341464904, 0.7486666666666667], "these_65": [0.05776208760090496, 0.4706666666666666], "penalties_66": [0.0528390667397449, 0.6086666666666667], "shall_67": [0.044070962333732366, 0.8986666666666666], "shall_81": [0.06505972223842076, 0.16266666666666665], "not_68": [0.053965355736354366, 0.5006666666666667], "apply_69": [0.04822932745461599, 0.5746666666666665], "this_71": [0.039252062857471966, 0.7946666666666666], "agreement_72": [0.06411387226659615, 0.25], "governed_74": [0.04774637937659629, 0.662], "california_76": [0.05957968204593514, 0.19266666666666665], "law_77": [0.04449647810655466, 0.686], "any_79": [0.03274462099428362, 0.8533333333333334], "disputes_80": [0.044665450537707596, 0.8713333333333333], "be_82": [0.04272167547066159, 0.6246666666666666], "resolved_83": [0.04099505688509875, 0.414], "through_84": [0.039027980017315216, 0.656], "binding_85": [0.041845433585565577, 0.7913333333333333], "arbitration_86": [0.04162298759472289, 0.8399999999999999]}