{"Company_0": [0.052278380889121734, 0.486], "Company_3": [0.042233978994220676, 0.6893333333333334], "Company_17": [0.04134028761014102, 0.7959999999999999], "Company_58": [0.047943444830761926, 0.43199999999999994], "pays_2": [0.03766778244513171, 0.87], "B_4": [0.05861007133844173, 0.432], "B_18": [0.037657511804734554, 0.888], "B_59": [0.04703828105369207, 0.662], "million_6": [0.04028339767702146, 0.8606666666666666], "for_7": [0.053886348557194375, 0.5073333333333333], "revolutionary_9": [0.04282636255585026, 0.8133333333333334], "AI_10": [0.05470874121272251, 0.6333333333333334], "software_11": [0.04347321813663856, 0.868], "within_12": [0.04319957378529398, 0.7126666666666667], "months_14": [0.039993968243125434, 0.876], "months_43": [0.048889552909889535, 0.6686666666666667], "If_16": [0.04819362932458521, 0.5953333333333334], "fails_19": [0.039099508927405206, 0.9273333333333333], "deliver_21": [0.046201965908131026, 0.7779999999999999], "fully_23": [0.03702824435291268, 0.9366666666666666], "functional_24": [0.04182587279939363, 0.7693333333333334], "product_25": [0.04005272069852039, 0.8666666666666667], "by_26": [0.042697527919935245, 0.7413333333333333], "by_75": [0.0408000034294601, 0.9620000000000001], "the_27": [0.04533963450964241, 0.6713333333333332], "the_36": [0.04649441016440544, 0.59], "the_51": [0.04614330544055472, 0.7213333333333334], "deadline_28": [0.04272571543313906, 0.8973333333333334], "they_30": [0.057933827487369416, 0.5253333333333333], "must_31": [0.04903039873531543, 0.644], "refund_32": [0.042942376916411805, 0.6900000000000001], "%_34": [0.05227116116581267, 0.568], "payment_37": [0.04213824962808418, 0.8366666666666668], "provide_39": [0.04281538459122114, 0.668], "an_40": [0.04088302222201909, 0.8340000000000001], "additional_41": [0.04878483447884222, 0.7046666666666667], "3_42": [0.03976714050250769, 0.7886666666666667], "development_45": [0.04608180906790257, 0.6813333333333333], "free_46": [0.0488951912609539, 0.5766666666666667], "However_48": [0.04240083620768235, 0.7586666666666666], "if_50": [0.03995395574608076, 0.8366666666666668], "delay_52": [0.03958227253761587, 0.6346666666666666], "is_53": [0.048388157921390625, 0.6266666666666666], "is_73": [0.04929220757111826, 0.628], "due_54": [0.03896697418922778, 0.8053333333333333], "circumstances_56": [0.04760113077190654, 0.682], "beyond_57": [0.0518792935453418, 0.7120000000000001], "s_61": [0.03937191818965951, 0.8853333333333332], "reasonable_62": [0.05224924066953145, 0.512], "control_63": [0.04818085910430397, 0.5146666666666667], "these_65": [0.03960044570780675, 0.9286666666666666], "penalties_66": [0.03953271363393832, 0.9013333333333332], "shall_67": [0.0375387254267641, 0.8653333333333334], "shall_81": [0.03731609017737842, 0.9826666666666667], "not_68": [0.04099793415968556, 0.7726666666666667], "apply_69": [0.04439204188977395, 0.7853333333333333], "This_71": [0.03979647778490425, 0.8019999999999999], "agreement_72": [0.037423603295444426, 0.9086666666666666], "governed_74": [0.04281441515191752, 0.726], "California_76": [0.05268037754921338, 0.338], "law_77": [0.03504447831752353, 0.8953333333333333], "any_79": [0.05423939116867943, 0.48133333333333334], "disputes_80": [0.04721475039357161, 0.6893333333333334], "be_82": [0.07329570737392181, 0.22799999999999998], "resolved_83": [0.04912455158960288, 0.4793333333333334], "through_84": [0.04293916801632014, 0.8033333333333333], "binding_85": [0.057242482329058646, 0.43333333333333335], "arbitration_86": [0.043965117342976846, 0.7200000000000001]}